id,vin,store,email,purchase_on
1,1G6AS5S35F0401770,Suite 52,kkleinsmuntz0@joomla.orgaaaaaaaaaaaaaaaaaaaaaaaaaaaa,6/30/2022
2,WBAPM775X9N053279,PO Box 6427,wsedgefield1@stumbleupon.com,4/26/2023
3,1G4GA5GR3EF814074,Suite 72,svansaltsberg2@free.fr,3/7/2023
4,JHMGE8G33DC124832,PO Box 45131,chought3@baidu.com,1/26/2023
5,1FM5K7B85FG500904,1st Floor,mbycraft4@wordpress.com,8/13/2022
6,WBADT53431C565411,Apt 1486,tthake5@wp.com,2/7/2023
7,WAUXG74F39N313638,5th Floor,tjeffryes6@paypal.com,2/5/2023
8,KMHTC6AD6EU824895,Room 1974,vsay7@va.gov,9/26/2022
9,SCBLC37F44C155173,Apt 17,jbalthasar8@huffingtonpost.com,1/4/2023
10,WBAEV53433K108539,Suite 89,lgarralts9@google.com.au,3/28/2023
11,SALSF2D47BA188909,6th Floor,soregana@disqus.com,2/20/2023
12,JN8AF5MR3ET537822,Apt 978,abaffinb@ezinearticles.com,2/16/2023
13,5N1AZ2MG4FN281661,Suite 94,rigonetc@gravatar.com,8/9/2022
14,WAULT58E45A942486,Room 188,fgillmand@japanpost.jp,8/27/2022
15,1FTEW1CM3CF927775,PO Box 31619,bgallemoree@delicious.com,4/21/2023
16,WDDEJ7KB8AA478310,PO Box 35400,mreedef@flickr.com,3/15/2023
17,WP0AB2A95BS219809,Suite 26,smolineg@google.cn,11/27/2022
18,SCFEBBDL1EG227259,PO Box 82667,mnaulh@bbb.org,8/15/2022
19,WDDLJ7DB8DA918602,Room 1070,merati@blog.com,10/18/2022
20,3N1CN7AP1DL586819,PO Box 6045,smillichapj@yolasite.com,1/15/2023
21,2C3CA7CW0AH553803,Suite 77,jsoigouxk@cornell.edu,12/5/2022
22,1D4RE4GG0BC722415,Apt 923,smathevonl@elpais.com,6/20/2022
23,TRUWC28N811071784,PO Box 51430,hblenkinm@foxnews.com,2/28/2023
24,1GYUKFEJ3AR159781,PO Box 5874,rumbertn@sciencedaily.com,2/1/2023
25,1G6DM56T250500434,Room 1225,lboylundo@craigslist.org,3/13/2023
26,3C4PDCDGXCT149065,PO Box 80951,mnicklenp@princeton.edu,9/27/2022
27,KMHCT4AE3CU829112,PO Box 87394,cdumberrillq@storify.com,8/4/2022
28,1G4HP54K51U935849,Room 353,ktimblettr@timesonline.co.uk,1/13/2023
29,1N6AF0KX5FN679317,Apt 1933,bhunnisetts@xinhuanet.com,3/15/2023
30,WAUKH78E88A780813,Room 1023,bbreenst@icq.com,7/20/2022
31,5FNRL5H21DB671735,Suite 56,smargettsu@jugem.jp,5/13/2022
32,3TMJU4GN5CM668797,8th Floor,vcosbeyv@etsy.com,7/22/2022
33,1N6AA0CA0EN568603,Apt 775,mkeaysellw@nature.com,7/4/2022
34,1FTWW3B53AE712619,Apt 702,jscamwellx@ning.com,6/30/2022
35,SCBLF34F75C847165,PO Box 52950,lrobardy@google.com.hk,2/7/2023
36,SCBGT3ZA0EC437878,Suite 68,ckeijserz@wsj.com,5/4/2023
37,1FTEX1C82AF507471,9th Floor,vpadgett10@csmonitor.com,8/31/2022
38,WBA3A9C52EF102875,Room 398,mstuck11@topsy.com,3/7/2023
39,1FMEU6DE7AU904353,Apt 1386,aleward12@ucsd.edu,2/12/2023
40,YV4902DZ8D2695220,Apt 75,cmcnerlin13@ebay.com,2/3/2023
41,SCFFDECN7CG733341,Apt 1464,wkivelhan14@ihg.com,1/13/2023
42,SCFBB04CX9G944210,17th Floor,sdragoe15@answers.com,11/17/2022
43,1FTWW3A59AE097558,Suite 31,mhenderson16@goodreads.com,6/19/2022
44,1GKUCHE0XAR966745,Suite 24,gbalaisot17@census.gov,12/17/2022
45,WAUGGAFRXEA906287,12th Floor,jmumbeson18@thetimes.co.uk,9/7/2022
46,1G4HP54KX3U005688,8th Floor,yohannen19@senate.gov,7/18/2022
47,1FTWF3C52AE908422,18th Floor,vhazel1a@freewebs.com,9/17/2022
48,5TDBW5G19BS618422,Apt 580,rbridgen1b@squarespace.com,2/17/2023
49,1GD322CG1EF146063,Apt 1532,sbrocks1c@theatlantic.com,8/10/2022
50,1FT7W2A61EE147673,PO Box 16311,vdugald1d@wufoo.com,6/26/2022
51,2T1KE4EE4DC233770,Room 1414,ogartshore1e@kickstarter.com,11/14/2022
52,JH4DB76561S283810,Suite 37,ymeake1f@de.vu,6/23/2022
53,2G4GR5EC9B9678092,PO Box 51744,mgiacomozzo1g@blogs.com,3/14/2023
54,WBAWB33539P828011,PO Box 75211,rstibbs1h@altervista.org,12/23/2022
55,JA4AD2A33EZ458920,Suite 38,bkinzel1i@soup.io,12/8/2022
56,4A4AP3AUXDE364267,PO Box 9927,sdunnion1j@tumblr.com,8/14/2022
57,SAJWA4DC2AM552923,3rd Floor,ptoplis1k@rediff.com,9/24/2022
58,WBAVT13516A504325,11th Floor,sduly1l@businessweek.com,9/14/2022
59,1N6AF0LX9FN423678,PO Box 90199,obitterton1m@php.net,5/13/2022
60,2G4WD552471069113,Apt 1880,bcavil1n@google.fr,1/8/2023
61,1G4GJ5E3XCF061378,PO Box 95855,wcurro1o@usda.gov,6/3/2022
62,JH4KB2F68CC412498,Apt 201,ksimone1p@tinypic.com,8/21/2022
63,1GD010CG8BF754829,4th Floor,bmeriott1q@google.fr,12/19/2022
64,1FTMF1E82AK356974,PO Box 20539,dmiranda1r@ning.com,2/11/2023
65,1GYS4CEF2BR818737,Room 1117,kblague1s@washington.edu,6/6/2022
66,1FMCU4K38CK725282,PO Box 12928,corans1t@macromedia.com,5/18/2022
67,3GYFK62818G798388,Apt 879,galsop1u@mtv.com,3/31/2023
68,1G6KS54Y32U447596,Room 894,bwilacot1v@unblog.fr,7/8/2022
69,19XFB4F33EE293341,14th Floor,lkeysall1w@tuttocitta.it,6/26/2022
70,WAUEFBFL4EN453708,PO Box 36313,kcastanone1x@ezinearticles.com,12/4/2022
71,WBAYF4C53FD485524,Room 614,ckruschev1y@reuters.com,2/13/2023
72,3VWC17AU9FM550952,PO Box 32180,ljacobssen1z@slate.com,1/4/2023
73,1N6AF0LX4EN032050,Apt 1699,vmaginn20@so-net.ne.jp,1/25/2023
74,WAUDH74F47N856283,PO Box 92586,bcowser21@cnet.com,12/27/2022
75,WAUDF98E88A301901,PO Box 38449,nwarrier22@wsj.com,3/20/2023
76,1NXBU4EE0AZ498327,Room 155,vdrinkale23@furl.net,9/30/2022
77,3C4PDCABXFT843719,Apt 231,lleyes24@icio.us,3/7/2023
78,WDDEJ7HB2AA031432,Suite 80,fharmeston25@posterous.com,3/2/2023
79,WA1LMAFE2CD132727,18th Floor,cglass26@ucla.edu,11/15/2022
80,2C3CCAJG8DH271335,Room 1314,rbomb27@networksolutions.com,6/4/2022
81,WBAPT7C52AC448663,PO Box 94677,nmonte28@twitpic.com,8/24/2022
82,1N6AD0CW7FN878056,Suite 11,everdun29@mozilla.org,12/23/2022
83,1G4GG5G33DF727350,Apt 277,mlieb2a@thetimes.co.uk,1/1/2023
84,5NPEB4AC9BH777587,PO Box 80683,cfrancesch2b@w3.org,7/19/2022
85,3VWA17AU5FM327024,Apt 415,jyukhnevich2c@ed.gov,12/25/2022
86,3G5DA03E84S017043,Room 1397,rmerriment2d@cisco.com,4/25/2023
87,JH4CU2F48EC502413,Apt 972,jmoses2e@java.com,9/17/2022
88,1FM5K7B84EG283537,Room 1053,mbockmann2f@nih.gov,3/21/2023
89,WBAKX8C57BC999662,Apt 528,vanelay2g@discovery.com,8/30/2022
90,WAUPEAFM9CA458826,Apt 1598,blalonde2h@loc.gov,10/16/2022
91,1C3CDFCB7ED588498,Suite 71,qburgwin2i@mac.com,12/13/2022
92,WBAUN7C56BV189579,Room 656,bcrosskell2j@sciencedaily.com,5/12/2022
93,YV1902FH1D2033397,Room 609,acondy2k@elpais.com,9/5/2022
94,WBANU535X8C647835,Apt 1207,efairholm2l@prlog.org,5/4/2023
95,3N1CN7AP5FL455928,Apt 549,geyckelbeck2m@biblegateway.com,7/22/2022
96,WAUHFAFL1FN276477,15th Floor,slehenmann2n@amazon.co.jp,3/23/2023
97,3D7TT2CTXBG616749,Room 381,dbattams2o@wufoo.com,12/31/2022
98,WAUNF78P47A810201,Suite 15,afull2p@wufoo.com,10/2/2022
99,KMHGH4JH1CU559536,PO Box 35440,fadcock2q@discovery.com,8/5/2022
100,WBA6B8C55ED351865,Apt 1260,smyles2r@merriam-webster.com,4/14/2023
101,1C3BCBEB6DN653726,PO Box 35219,rphear2s@ibm.com,5/1/2023
102,JN1CV6EK1BM031042,Apt 1545,emarvell2t@youtu.be,4/12/2023
103,1D4PT7GX3BW167229,Suite 36,fmichael2u@istockphoto.com,9/22/2022
104,WAURVAFA0AN160105,Room 56,rswadlen2v@1und1.de,8/2/2022
105,5N1AA0NC6BN105017,PO Box 92091,atippin2w@ifeng.com,1/7/2023
106,1FTEW1CM6DK927441,3rd Floor,bdonahue2x@cornell.edu,7/19/2022
107,KMHFC4DF8BA370984,14th Floor,aofener2y@oracle.com,9/29/2022
108,JH4NA21645S275835,PO Box 34985,esandeland2z@domainmarket.com,2/28/2023
109,WBAEV33484P153369,PO Box 25345,egarmanson30@tinyurl.com,9/5/2022
110,1FTEX1CM7CF079512,Suite 28,tphin31@slideshare.net,12/4/2022
111,WAUEL74F86N105754,Apt 374,owiddowes32@weebly.com,12/25/2022
112,WBABV13445J750028,13th Floor,glearoyd33@nature.com,12/10/2022
113,2C4RDGBG3DR405277,Suite 81,bmcsherry34@issuu.com,10/20/2022
114,WBA3B3C5XDJ838954,Apt 536,nstripling35@theatlantic.com,11/14/2022
115,WA1AV94L07D298271,12th Floor,mcorns36@google.co.jp,12/5/2022
116,YV1902AH4B1765680,PO Box 63562,dscading37@list-manage.com,12/25/2022
117,KM8JT3AB7CU806732,7th Floor,zmaidens38@ovh.net,9/16/2022
118,WBAEW53422P706670,PO Box 38724,ewakeling39@hostgator.com,8/24/2022
119,KMHEC4A46FA877628,Room 1433,mfetherstan3a@free.fr,11/3/2022
120,WAUEG98E06A706147,PO Box 14316,cpregel3b@ning.com,10/21/2022
121,1G6DP5E3XC0802138,Suite 83,mfleeman3c@icio.us,1/25/2023
122,2D4JN1AG6BR936000,Apt 1841,thew3d@exblog.jp,9/21/2022
123,WAULT68E63A683261,PO Box 41703,emityakov3e@boston.com,8/14/2022
124,WAUDG74F95N904280,2nd Floor,shazlewood3f@deviantart.com,9/30/2022
125,WAUVC68E53A478894,7th Floor,wyter3g@netlog.com,4/8/2023
126,1G6AR5S30F0881440,Suite 68,gpateman3h@technorati.com,1/1/2023
127,2HNYD18871H962245,Apt 1353,bgirsch3i@cnn.com,3/29/2023
128,WAUEF98E18A553266,10th Floor,dcrossdale3j@prnewswire.com,9/4/2022
129,1D7RB1CP5AS020577,PO Box 97350,gakerman3k@hhs.gov,10/5/2022
130,YV4902BZ9D1342476,PO Box 58065,lcarlyon3l@hao123.com,7/2/2022
131,2HNYD18273H070477,Suite 33,lpollok3m@domainmarket.com,1/3/2023
132,2T1BURHE3EC658541,Suite 55,tprator3n@usgs.gov,12/10/2022
133,4T1BF1FK0CU909998,Room 546,lareles3o@multiply.com,7/2/2022
134,WAULD54BX2N290776,Apt 1551,edohrmann3p@xinhuanet.com,3/27/2023
135,WBAWC73588E114597,Apt 1719,vbusson3q@google.fr,3/19/2023
136,WBABD33445P045421,PO Box 7606,kuccelli3r@dailymail.co.uk,7/15/2022
137,YV1672MS4B2409133,Apt 1434,jdoppler3s@google.com,2/5/2023
138,WAUYGBFC2CN498198,Suite 11,chonsch3t@discuz.net,6/27/2022
139,1FTMF1CW5AF357756,1st Floor,tlumsden3u@nba.com,9/17/2022
140,2HNYB1H26AH584940,Apt 900,sdunkirk3v@answers.com,8/10/2022
141,3D7TT2CT5AG313974,Apt 390,aforsdike3w@addthis.com,2/22/2023
142,WAUVT54B22N730579,PO Box 99842,sscranney3x@ifeng.com,2/27/2023
143,1N6AA0CH8FN510561,Room 580,ucraghead3y@jalbum.net,9/10/2022
144,YV440MBD5F1958396,Apt 1439,ewhiff3z@unc.edu,7/28/2022
145,19UUA65564A458391,PO Box 25303,lcropton40@comsenz.com,5/16/2022
146,3C6TD4CT5CG297840,Suite 6,oeve41@so-net.ne.jp,7/26/2022
147,WAUKF98EX8A721487,20th Floor,mredgate42@taobao.com,12/23/2022
148,19UYA42743A754679,Apt 70,tscotter43@odnoklassniki.ru,3/20/2023
149,1FTEX1CM4DF927668,Suite 68,iolech44@dot.gov,7/24/2022
150,3D7JB1EKXBG180364,Suite 86,acronchey45@tamu.edu,10/18/2022
151,2C4RDGBG8ER277913,PO Box 61031,apetru46@liveinternet.ru,4/10/2023
152,5TDBKRFH7FS031515,Room 1075,dcawthron47@ezinearticles.com,12/19/2022
153,WVWAB7AJ6DW228960,Apt 569,odommersen48@bbc.co.uk,4/15/2023
154,SALME1D46BA935499,Suite 2,esharphurst49@jiathis.com,3/27/2023
155,1C4SDJCT9EC870795,5th Floor,ebaldacchi4a@over-blog.com,12/24/2022
156,JTJBARBZ9F2285703,Suite 95,iflanigan4b@cpanel.net,3/28/2023
157,3D73Y3CL0BG778459,1st Floor,abouts4c@mozilla.com,6/11/2022
158,WDDGF4HB8CF910223,PO Box 60491,kleynham4d@spiegel.de,11/11/2022
159,WAULD64B34N550783,4th Floor,cskayman4e@toplist.cz,7/28/2022
160,5TDDK3DCXFS092872,Room 549,jskocroft4f@samsung.com,6/23/2022
161,19UUA9F74CA335169,PO Box 72315,lkirkhouse4g@fema.gov,9/29/2022
162,5UXFG8C58BL886516,Room 1166,wlaurent4h@bloglovin.com,6/3/2022
163,2FMPK3K98FB371770,Room 501,abuddell4i@census.gov,1/30/2023
164,1FMCU0F7XDU373737,4th Floor,kangier4j@surveymonkey.com,3/7/2023
165,JH4CU25629C877724,Room 794,wsheard4k@huffingtonpost.com,11/6/2022
166,WAUAH78E06A468025,PO Box 76786,fpiggot4l@amazon.co.jp,8/29/2022
167,SAJWA1CB0CL782153,PO Box 59150,bhenner4m@nature.com,1/5/2023
168,1G6AJ1R35F0798947,Apt 320,avize4n@wordpress.org,4/13/2023
169,SALVP2BG5EH142563,Room 1280,lhuckel4o@technorati.com,8/8/2022
170,WBALW7C5XDD954374,Room 146,ashaves4p@rediff.com,10/30/2022
171,WVWAA7AJ3CW324255,PO Box 26221,barguile4q@ifeng.com,3/26/2023
172,JHMFB4F20CS482254,PO Box 99757,ftompion4r@g.co,5/19/2022
173,1N6BF0KL9FN578573,Suite 81,krunge4s@stanford.edu,12/27/2022
174,JTHCL5EF1F5523214,Suite 28,jtomasicchio4t@imageshack.us,10/13/2022
175,JN1BY1PR6FM596005,PO Box 19825,ahickinbottom4u@go.com,2/5/2023
176,3C4PDDAG1ET065276,Room 683,tknewstubb4v@bigcartel.com,7/26/2022
177,2T1KE4EE3DC525667,Apt 1144,cgietz4w@google.de,9/1/2022
178,WAUMGBFLXBA022673,PO Box 12612,rgrice4x@so-net.ne.jp,9/16/2022
179,W04GP5EC6B1272988,Apt 69,ujoseph4y@networkadvertising.org,3/17/2023
180,WBAYA8C50FD303431,13th Floor,cduplan4z@ask.com,3/28/2023
181,1FTWX3B55AE577009,PO Box 73142,otomasini50@dailymail.co.uk,7/2/2022
182,2HNYD18686H092687,Suite 1,frijkeseis51@example.com,9/21/2022
183,19UUA66224A153460,Suite 13,tcolliber52@blogger.com,5/29/2022
184,JN1CV6EK6DM135027,Apt 223,sgeorgi53@ca.gov,9/26/2022
185,WP0AA2A88CS011273,Room 1216,ggoodburn54@google.ca,1/26/2023
186,WBA3G7C58EK606826,3rd Floor,dwanklyn55@live.com,10/23/2022
187,1N6BF0KL6FN277551,PO Box 7256,memblem56@time.com,3/31/2023
188,JN8AZ1MU5EW627802,1st Floor,jpaeckmeyer57@myspace.com,8/5/2022
189,WVGAV7AX7AW197253,PO Box 14206,dparkin58@ft.com,4/12/2023
190,KNAGM4AD9B5853155,Room 750,bgrouen59@chicagotribune.com,6/14/2022
191,WBABN334X1J192952,Room 840,tcrace5a@printfriendly.com,6/13/2022
192,WBSBR93403P187729,Apt 1292,ftoogood5b@ning.com,4/26/2023
193,1FTSW3A59AE480446,Apt 831,jcleaver5c@arstechnica.com,9/3/2022
194,WBAKP9C5XFD022571,PO Box 84635,kmarlen5d@imgur.com,2/26/2023
195,3C3CFFFH9CT909412,PO Box 75441,rdeambrosi5e@google.fr,9/15/2022
196,WAUPL58E44A685913,Suite 59,dbutterfint5f@dyndns.org,12/24/2022
197,WBADR63483G574931,PO Box 82729,hpadbury5g@multiply.com,9/17/2022
198,JH4DC54803S517957,1st Floor,dcaldecot5h@privacy.gov.au,7/22/2022
199,JN1CV6EK2FM828745,PO Box 73644,sscading5i@freewebs.com,4/2/2023
200,1C3CDZCB7CN995570,Room 16,lherrieven5j@yolasite.com,7/17/2022
201,3C63D3ML8CG946314,Apt 1998,gdonne5k@zimbio.com,10/21/2022
202,WAUVT68E05A182233,10th Floor,lpearmine5l@webeden.co.uk,5/31/2022
203,1G6DE1E34E0224135,18th Floor,kobradden5m@auda.org.au,11/21/2022
204,JTDKDTB31E1612103,Suite 64,jgarcia5n@merriam-webster.com,3/23/2023
205,2T2BK1BA6FC476312,10th Floor,coconnolly5o@domainmarket.com,5/19/2022
206,WAULD64B42N436112,PO Box 55852,msmaridge5p@webs.com,10/5/2022
207,KM8NU4CC6BU454624,Suite 86,bstayte5q@huffingtonpost.com,5/26/2022
208,TRURD38J781059861,Room 698,pmackieson5r@scientificamerican.com,6/27/2022
209,SALSF2D4XBA986563,PO Box 80535,mwrotchford5s@icq.com,10/4/2022
210,1G6AJ5SX3F0680108,Apt 978,mgoodoune5t@nifty.com,9/10/2022
211,5N1AT2ML6FC018856,PO Box 54522,bletts5u@acquirethisname.com,12/12/2022
212,1GKS1KE07ER483438,PO Box 12332,jyarham5v@so-net.ne.jp,5/25/2022
213,WBANV13529C402129,Apt 1701,achasle5w@delicious.com,2/21/2023
214,SCBBR93WX78473308,11th Floor,rrogan5x@rambler.ru,12/24/2022
215,1GTN1TEXXBZ900204,Apt 1297,salgore5y@hostgator.com,11/22/2022
216,KMHGH4JH2DU134795,PO Box 33101,cdurtnal5z@naver.com,9/25/2022
217,WBAFR7C59CD968818,18th Floor,oarchdeacon60@slashdot.org,11/12/2022
218,WAUNE78P58A470884,PO Box 22329,sramsbottom61@usa.gov,8/4/2022
219,3C3CFFHH8ET881750,7th Floor,bsmithin62@mac.com,6/23/2022
220,5FRYD3H69EB209424,PO Box 48739,sharte63@scribd.com,6/7/2022
221,WBAEH73485B289563,Suite 17,aoughtright64@webs.com,4/23/2023
222,19XFB4F22DE627512,Suite 75,wbonin65@bbc.co.uk,6/24/2022
223,WBANF33516B328499,PO Box 99018,kpavinese66@sohu.com,1/31/2023
224,WAUDH68D41A480248,PO Box 58635,riggulden67@discuz.net,12/19/2022
225,WA1AV74L97D118385,Suite 48,blehmann68@reddit.com,2/2/2023
226,JN1AZ4EH5EM049424,PO Box 84411,anorssister69@time.com,8/29/2022
227,2HNYB1H61CH068667,Room 72,ogaynesford6a@drupal.org,7/11/2022
228,WAUDH78E97A185413,Apt 690,acordeux6b@ucla.edu,9/29/2022
229,SCFAD02A05G298399,Apt 1271,jpetric6c@ft.com,4/19/2023
230,JHMZE2H52AS608904,Suite 47,tbasterfield6d@topsy.com,9/2/2022
231,1G4GF5E33DF895642,Room 1859,tdoohan6e@geocities.com,10/4/2022
232,5J8TB4H56GL588124,Apt 937,lserjeantson6f@desdev.cn,7/9/2022
233,SALWG2VF0FA260120,PO Box 31676,cbilofsky6g@bluehost.com,9/12/2022
234,WBAKB0C51AC426044,Apt 978,amckee6h@list-manage.com,6/21/2022
235,1G6DA8E56C0001341,Suite 61,hhaddow6i@chron.com,5/14/2022
236,1FTWW3A5XAE803212,Apt 408,svarian6j@indiatimes.com,1/20/2023
237,WBAVL1C55DV819103,Suite 41,ndalyell6k@amazon.co.uk,2/22/2023
238,WVGAV7AX7BW604022,16th Floor,fluckey6l@theguardian.com,11/2/2022
239,3FAHP0DC3AR284380,Apt 766,dishchenko6m@usda.gov,3/13/2023
240,1N4AB7AP2EN879391,Suite 51,swarratt6n@ning.com,3/10/2023
241,WA1LFAFP1DA480100,Apt 1573,mvollam6o@desdev.cn,6/8/2022
242,3C6JD6AK6CG096817,14th Floor,cpassey6p@com.com,5/2/2023
243,1G6AE1R35F0250712,Apt 386,bgeall6q@soup.io,1/11/2023
244,WAUSF78E98A643529,PO Box 44417,ccadden6r@twitter.com,5/10/2022
245,1GT020CG0EF137589,Apt 976,tdeam6s@google.co.jp,8/6/2022
246,1GKS2FEJ0DR028622,Apt 51,sswindon6t@networkadvertising.org,12/10/2022
247,JN8AS5MT3AW202320,18th Floor,tvasyukhichev6u@live.com,3/28/2023
248,WBALZ5C52CD224565,Apt 1492,rbellows6v@cdc.gov,6/15/2022
249,WBAEH73415B140976,Suite 28,eziehms6w@g.co,10/29/2022
250,KMHFC4DF5BA747982,PO Box 99330,rarkin6x@cnet.com,7/19/2022
251,WBAUP73578V690161,PO Box 25799,ctolcharde6y@examiner.com,12/17/2022
252,WAURFAFRXAA113562,Suite 72,sretter6z@imageshack.us,11/2/2022
253,WAUHGAFCXCN398988,Apt 1325,amccleverty70@hhs.gov,2/25/2023
254,1VWAH7A3XDC240382,18th Floor,kwase71@ycombinator.com,6/4/2022
255,3D73M3CL8AG790630,4th Floor,fupjohn72@wix.com,2/16/2023
256,4A4AP3AU4FE355356,14th Floor,kmackstead73@friendfeed.com,1/12/2023
257,WAUKF98E77A240739,Suite 35,whindge74@dyndns.org,11/19/2022
258,5J8TB1H57CA892258,Apt 1405,oprophet75@tiny.cc,5/15/2022
259,WBAAV33461E514040,Room 1731,cplumptre76@phpbb.com,10/4/2022
260,JH4CU4F60DC652897,Suite 57,afreiberg77@comsenz.com,3/22/2023
261,3C6TD4CT0CG993201,18th Floor,kyerlett78@histats.com,5/9/2022
262,1C3BC2EB1BN831197,PO Box 42456,gdandy79@yale.edu,12/10/2022
263,WAUAFAFLXDN292966,Room 281,abrawn7a@chronoengine.com,2/24/2023
264,3C4PDCAB1FT312263,Suite 9,pmccully7b@merriam-webster.com,5/29/2022
265,19UUA56862A569460,Apt 151,gpendrid7c@ustream.tv,4/1/2023
266,1ZVBP8JZ6E5007638,Apt 507,apaoloni7d@dropbox.com,6/26/2022
267,WAUMFAFH1FN308872,Suite 71,bphettiplace7e@usnews.com,11/19/2022
268,1C4SDHCTXDC388568,PO Box 57756,aocurrane7f@google.co.uk,2/16/2023
269,JH4CU2F66CC261675,Apt 659,mbyars7g@mtv.com,2/12/2023
270,WUAW2BFCXEN581859,PO Box 39893,sbarg7h@paginegialle.it,1/17/2023
271,SALAB2D42DA145010,PO Box 38482,afosbraey7i@reuters.com,5/5/2023
272,JTDKN3DUXA0480266,Apt 1176,svynall7j@storify.com,11/16/2022
273,5N1AR1NB3CC740148,Suite 28,gfarn7k@posterous.com,9/26/2022
274,5FRYD4H64FB086204,Suite 54,lewen7l@diigo.com,12/27/2022
275,1B3CC4FBXAN062032,17th Floor,ibotte7m@goodreads.com,5/17/2022
276,WAUBFAFL4EA438100,18th Floor,cpeeters7n@msn.com,4/17/2023
277,WP0CA2A8XCS365207,10th Floor,amegainey7o@slate.com,5/6/2022
278,5N1AN0NW9DN559411,4th Floor,dsergeant7p@instagram.com,2/25/2023
279,KL4CJFSB7FB642329,18th Floor,ecowgill7q@free.fr,11/5/2022
280,WBS3R9C57FF684302,14th Floor,jlowin7r@gizmodo.com,6/2/2022
281,2T1BU4EE5BC155032,PO Box 40485,hmcginn7s@mapquest.com,4/11/2023
282,WBANU5C58AC884040,Suite 36,kbatho7t@irs.gov,2/10/2023
283,1ZVBP8JS6A5909476,Suite 7,sworley7u@ycombinator.com,7/30/2022
284,WAU4FAFR4CA950675,Room 1088,gbanasik7v@flavors.me,8/14/2022
285,1G6DJ1E33D0290217,Room 1107,dyakobowitch7w@constantcontact.com,2/17/2023
286,WBANW53528C027085,5th Floor,beveril7x@mapquest.com,11/15/2022
287,5LMJJ3J50DE888599,Suite 30,plapping7y@nps.gov,9/5/2022
288,SCBDC47L29C914037,Apt 1901,hpicopp7z@eventbrite.com,6/20/2022
289,1GYS3DEF7DR383497,Room 1950,pbetonia80@youku.com,6/26/2022
290,WAUPEBFM0CA883356,PO Box 67930,jdouty81@tinypic.com,10/13/2022
291,1GYFC53269R320843,12th Floor,bizat82@vistaprint.com,6/23/2022
292,JHMGE8G21AC804781,Apt 597,wcaslane83@deviantart.com,3/5/2023
293,WBANA73515B327969,Room 324,colenchenko84@amazon.com,1/18/2023
294,1GYUKJEF8AR644464,1st Floor,wbumphries85@friendfeed.com,1/28/2023
295,1FMJK1G57AE806730,Suite 74,cluxton86@chron.com,9/12/2022
296,TRUDD38J691446932,Suite 86,gchidlow87@weebly.com,3/24/2023
297,WAUBH54B01N842235,PO Box 71536,rferby88@php.net,1/15/2023
298,WBA3V9C54EP610621,17th Floor,jgomes89@yahoo.com,7/1/2022
299,SCFEBBAK8BG183333,PO Box 23509,bfatkin8a@weather.com,6/22/2022
300,5TDDK3DC6ES534030,Apt 1224,rarmytage8b@elegantthemes.com,1/27/2023
301,WAUVC58E95A637266,2nd Floor,edillicate8c@over-blog.com,9/18/2022
302,JN1AZ4EH7FM582571,Room 1296,vfarraway8d@techcrunch.com,1/25/2023
303,JN1CV6EK1DM033666,PO Box 97420,hhurlestone8e@noaa.gov,5/30/2022
304,WA1EY74L39D946671,Room 979,eleas8f@prweb.com,9/30/2022
305,1FMJK1G55EE196557,PO Box 75573,gisgate8g@behance.net,1/15/2023
306,JTDKTUD32ED029785,Room 1371,cdenisyev8h@angelfire.com,5/14/2022
307,1GD11ZCG4BF956415,15th Floor,ephipps8i@sina.com.cn,10/25/2022
308,5N1AR2MMXFC489562,Suite 78,arawdales8j@studiopress.com,1/14/2023
309,3C6TD5CTXCG339845,Room 1447,dmatushenko8k@aboutads.info,2/25/2023
310,1G6KD54Y72U986328,8th Floor,clouthe8l@gmpg.org,4/15/2023
311,WBA3B3G56FN640233,Room 1507,denoch8m@slate.com,7/29/2022
312,JM1NC2MF6D0414025,Room 166,kpimbley8n@go.com,7/1/2022
313,WA1LYAFE4AD402767,13th Floor,edepero8o@ca.gov,12/23/2022
314,WBAUL7C54DV068140,Apt 765,kgrellier8p@amazonaws.com,8/20/2022
315,WVGFG9BP9BD697101,Room 1689,bwattinham8q@sogou.com,5/1/2023
316,YV1940AS8B1141482,Room 321,eestcourt8r@ameblo.jp,11/11/2022
317,5N1AN0NW3EN885836,Apt 1905,bdufaur8s@naver.com,5/14/2022
318,JH4CU4F63DC368552,Room 405,mschwaiger8t@dmoz.org,6/11/2022
319,5J6YH1H31AL102675,PO Box 36902,sstubbes8u@feedburner.com,10/15/2022
320,WP1AE2A25CL617202,PO Box 38686,mblumer8v@salon.com,11/7/2022
321,WBAVA33507F013296,PO Box 96238,suridge8w@alexa.com,12/13/2022
322,1N6AF0KY4FN156475,6th Floor,zrubinsaft8x@google.de,5/10/2022
323,1FMCU5K35AK337154,PO Box 16470,hrenshell8y@histats.com,5/26/2022
324,5FPYK1F62EB471324,PO Box 36327,pyushkin8z@mac.com,9/19/2022
325,1N4AL3AP4EC222982,Apt 264,wklamp90@abc.net.au,1/22/2023
326,1G6KE54Y83U831012,PO Box 69380,ashutte91@indiatimes.com,3/2/2023
327,KNALW4D45F6496285,Room 1893,mcello92@alibaba.com,6/5/2022
328,WBAUU33599A563051,Room 1653,bmeeks93@themeforest.net,2/12/2023
329,WA1CFAFP6EA652297,Room 87,jsimcox94@sourceforge.net,4/24/2023
330,4T1BF1FK9EU733066,PO Box 58571,ecudby95@ihg.com,1/25/2023
331,2FMGK5BC0CB418017,Room 1960,tmccaghan96@odnoklassniki.ru,6/6/2022
332,3N1BC1AP9BL591553,2nd Floor,sartiss97@independent.co.uk,11/13/2022
333,WAU3MAFD4FN140921,12th Floor,ecuerda98@slate.com,10/25/2022
334,1G4GE5G34CF441205,Apt 523,kallbones99@seesaa.net,12/9/2022
335,3N1BC1AP6BL047088,PO Box 20058,jshortell9a@blogs.com,3/29/2023
336,WBABV13426J361888,Suite 54,mkemball9b@slashdot.org,12/29/2022
337,WBADW7C58DE416822,Room 883,iflintiff9c@buzzfeed.com,12/15/2022
338,JM1DE1HY9B0930713,PO Box 80459,ggifkins9d@microsoft.com,9/13/2022
339,3N1AB7AP9FY873508,Room 1605,ajanicek9e@ebay.co.uk,12/19/2022
340,JHMFA3F2XBS908155,Room 1378,bfidal9f@seattletimes.com,9/11/2022
341,WBAYA6C58FG741228,Room 1649,lbirtwell9g@dropbox.com,5/27/2022
342,WAUDH74F16N163878,Apt 1298,bcatherick9h@bbb.org,2/27/2023
343,1GD21ZCG2DZ538327,13th Floor,ytreamayne9i@linkedin.com,11/18/2022
344,5BZAF0AA1FN399605,Suite 90,jharesnaip9j@edublogs.org,2/7/2023
345,2T1BU4EE5DC880360,Apt 163,lsawden9k@liveinternet.ru,2/26/2023
346,WBAKB0C59AC361783,5th Floor,oeilers9l@hibu.com,10/26/2022
347,1FTEW1CM2DK053203,13th Floor,abottrill9m@springer.com,5/13/2022
348,5FNYF3H27DB501919,18th Floor,rtennick9n@epa.gov,10/23/2022
349,WAUJT68E02A028907,19th Floor,bmathon9o@4shared.com,2/21/2023
350,JA32U2FU4EU837335,PO Box 43226,tcrosgrove9p@infoseek.co.jp,12/1/2022
351,WAUBF78K29N929593,Suite 16,bdallyn9q@reuters.com,4/2/2023
352,5J8TB4H38EL165945,17th Floor,bsautter9r@google.cn,3/31/2023
353,JTDZN3EU0EJ630107,PO Box 33032,jcastanaga9s@stanford.edu,7/11/2022
354,JTEBU5JRXB5858388,Room 1434,afarreil9t@behance.net,2/9/2023
355,WAUGFAFC4DN523189,Suite 26,mstallworthy9u@icio.us,2/26/2023
356,1G4HK5ES4BU292358,4th Floor,fbrimner9v@newsvine.com,6/15/2022
357,1G4HD57246U666402,PO Box 49957,aaizikovitz9w@bbb.org,11/14/2022
358,1N6AA0CA6EN040340,15th Floor,fmaisey9x@t.co,4/10/2023
359,TRURD28N361270338,Room 236,bgallandre9y@altervista.org,5/19/2022
360,19UUA8F38EA905331,Room 88,mskittles9z@cbsnews.com,2/24/2023
361,1G6DV5EP6E0957023,PO Box 87939,saloigia0@economist.com,1/4/2023
362,WA1UFAFL1EA971561,Apt 589,etranfielda1@nature.com,6/16/2022
363,WBAEP33413P243679,PO Box 53737,dhaukeya2@netlog.com,4/8/2023
364,YV4902DZ4D2720419,Room 1619,gbuzeka3@cargocollective.com,8/13/2022
365,JN1AZ4EH7FM095788,15th Floor,ggalbraetha4@about.me,4/21/2023
366,WBA3V5C55FP703786,6th Floor,sgarrooda5@tuttocitta.it,8/17/2022
367,3VW517AT0FM495923,14th Floor,kmaypolea6@chron.com,3/14/2023
368,5TDDK4CC9AS986345,PO Box 95827,dslimmea7@edublogs.org,3/7/2023
369,WAUGGAFC9CN515178,PO Box 48798,wdupreea8@cornell.edu,1/26/2023
370,3D7LP2ET8AG203843,Room 1985,dblackborougha9@columbia.edu,4/4/2023
371,W04GZ5GV0B1952510,PO Box 75205,swymanaa@vkontakte.ru,9/21/2022
372,KMHGH4JH8EU672550,Suite 33,ieplateab@trellian.com,10/17/2022
373,JTEBC3EH3B2384312,7th Floor,sodohertyac@ovh.net,6/1/2022
374,3GYFNKE69BS723646,Room 1255,enightingalead@free.fr,4/17/2023
375,ZHWGU5BZ5CL828812,19th Floor,dbuzineae@nps.gov,11/9/2022
376,3VW517AT0FM937650,Apt 897,awestbrookaf@desdev.cn,8/11/2022
377,1FTFW1E85AF219593,PO Box 7660,mraysdaleag@yellowpages.com,7/27/2022
378,2C3CDYCJ9DH532440,Apt 1453,cvasilechkoah@amazon.co.uk,12/7/2022
379,4T1BF1FK6EU255849,Apt 642,lpabelikai@nyu.edu,7/4/2022
380,WAUKF98EX8A202648,6th Floor,swebsdaleaj@printfriendly.com,4/10/2023
381,WAUEF98E38A236878,Suite 36,mengallak@mtv.com,12/8/2022
382,KNAGM4A74B5018848,Room 1424,beymeral@uiuc.edu,1/14/2023
383,WBSCL93401L817257,18th Floor,mdeatonam@jimdo.com,11/15/2022
384,WBAFU9C50CD013335,Suite 85,bozeltonan@cloudflare.com,8/15/2022
385,WAUVC58E55A920635,Room 461,dleapao@cloudflare.com,8/8/2022
386,2G4GS5ER8D9930488,Apt 787,scollerap@joomla.org,3/27/2023
387,1G6DS57V390754133,14th Floor,cleybanaq@qq.com,8/13/2022
388,1G6DM577580968678,Suite 90,kbeamentar@bbb.org,9/25/2022
389,WAUEH78E68A747192,18th Floor,zmcairtas@ibm.com,7/11/2022
390,2C3CDXDT6DH792448,4th Floor,bwhitworthat@clickbank.net,6/25/2022
391,3VW217AU1FM277663,4th Floor,rivkovicau@dropbox.com,1/1/2023
392,1GYS3FEJXBR092733,PO Box 73809,ccoughlinav@redcross.org,6/29/2022
393,ZHWGU5BZ0DL488678,19th Floor,mnorrisaw@quantcast.com,9/15/2022
394,SCFFDCCD9AG623819,12th Floor,jsalmonax@msu.edu,9/17/2022
395,3D73M3CLXBG049820,Room 12,cbaltzaray@loc.gov,4/27/2023
396,YV4902DZ5D2234881,Apt 941,wbardaz@weebly.com,6/6/2022
397,JH4DC53002C042671,15th Floor,emcclounanb0@mapquest.com,1/10/2023
398,4F2CY0C73AK856624,12th Floor,jlampardb1@istockphoto.com,11/29/2022
399,WA1LGAFE5BD099082,Apt 1672,lsandaverb2@joomla.org,1/10/2023
400,1FTSW2B59AE291370,Room 1231,itallentb3@blogtalkradio.com,11/5/2022
401,1N6AA0CC7EN075891,Room 771,jandriesb4@marriott.com,2/7/2023
402,WBABV13466J177778,Apt 388,sbroodesb5@washington.edu,8/31/2022
403,WAUSH78E57A652138,PO Box 8233,mclinnickb6@digg.com,7/8/2022
404,1N6BF0KM3FN117782,Suite 13,cwillgooseb7@sbwire.com,4/15/2023
405,WBAVL1C51EV876240,Room 13,agutansb8@smugmug.com,5/10/2022
406,WAUAF78E75A857507,13th Floor,glameyb9@topsy.com,6/19/2022
407,SCBCR63W35C585090,4th Floor,hpidlerba@tripod.com,1/26/2023
408,19XFB4F25EE637744,PO Box 34183,glabrumbb@de.vu,10/23/2022
409,JH4DC53806S686964,7th Floor,bwattbc@oakley.com,12/21/2022
410,3TMJU4GN6BM846831,8th Floor,ksaizbd@slideshare.net,12/10/2022
411,1G4GE5EVXAF363899,PO Box 98701,gtuplinbe@sbwire.com,6/12/2022
412,3GTU1YEJ6BG731206,Apt 620,equeyeirobf@china.com.cn,4/3/2023
413,JTEBU5JR5F5622513,PO Box 98555,lbriddenbg@e-recht24.de,9/19/2022
414,19XFB2F24CE888630,Room 1337,mgoodredgebh@home.pl,8/29/2022
415,1N6AA0CC0BN842685,Apt 1831,ibarnbrookbi@pcworld.com,11/12/2022
416,TRUWT28N441755977,Apt 844,dmawhinneybj@sina.com.cn,11/14/2022
417,2HNYD28378H646252,Suite 45,jwallwoodbk@latimes.com,10/5/2022
418,1GD422CG5EF498261,4th Floor,tgaitskillbl@eventbrite.com,8/30/2022
419,1FAHP2DW6BG424484,8th Floor,kskepperbm@theglobeandmail.com,1/7/2023
420,KNADH5A33B6801938,PO Box 70775,rmallatrattbn@nationalgeographic.com,9/17/2022
421,KMHTC6AD1CU796937,PO Box 22999,atrumperbo@dmoz.org,12/12/2022
422,WAUNF78P16A947434,Apt 1414,mabeaubp@eventbrite.com,9/17/2022
423,1G6DM8E34D0790595,Suite 17,bhoofebq@ehow.com,10/20/2022
424,1N6AF0LX3EN035070,Room 1473,dfernanbr@youtu.be,6/18/2022
425,1GD12YEG6FF514486,PO Box 14354,gavarnebs@desdev.cn,7/3/2022
426,JN1BY0AR9AM759452,Room 6,mshilburnebt@domainmarket.com,5/18/2022
427,1FTSX2B56AE909516,9th Floor,cloybu@google.ca,4/21/2023
428,JTDKN3DP4D3337732,Apt 998,jbangbv@ftc.gov,1/24/2023
429,WBA3B9G50EN532126,Suite 66,ndevanybw@latimes.com,2/4/2023
430,KL4CJHSB7DB976434,Room 1924,aharroldbx@google.co.uk,12/10/2022
431,WAUMK98K69A013250,Apt 1106,gbarajaby@digg.com,11/21/2022
432,1N6AF0LYXEN496999,Suite 32,rradinbz@washington.edu,12/27/2022
433,KMHHU6KJ9FU551587,Room 434,siacovidesc0@usa.gov,1/30/2023
434,WBAGN83534D591989,Room 413,pfitzackerleyc1@woothemes.com,8/15/2022
435,2B3CA2CV8AH172126,PO Box 29320,hbreadonc2@army.mil,4/20/2023
436,1D7RB1CT1BS437421,18th Floor,rsummerillc3@oakley.com,8/28/2022
437,1G6DL1E38D0639866,Apt 992,wwillshirec4@oaic.gov.au,4/5/2023
438,3D73M4EL9AG935953,Room 1508,ewessonc5@europa.eu,9/13/2022
439,1GYS3KEF2DR375070,Apt 1361,wcosbyc6@privacy.gov.au,3/22/2023
440,WVWED7AJ0DW957130,Room 1388,ecarlessoc7@sciencedaily.com,10/5/2022
441,3N1AB7AP7FY714440,Apt 1827,vbelzc8@netvibes.com,7/21/2022
442,3C63DRLL4CG930955,Suite 53,jwandsc9@icq.com,4/24/2023
443,1N6AF0KX4EN632892,5th Floor,kvasyukhnovca@miitbeian.gov.cn,12/26/2022
444,KNAFK4A64E5335610,8th Floor,cweblandcb@zdnet.com,4/3/2023
445,SCBCC41N39C015595,Suite 97,lnorthcotecc@cdc.gov,7/10/2022
446,1GYS4KEF9DR104567,Room 169,llillowcd@free.fr,3/1/2023
447,5N1AN0NU8CC856095,PO Box 94892,ybrinsonce@goo.ne.jp,6/13/2022
448,5TFCW5F1XBX154850,13th Floor,ptiremancf@google.pl,3/3/2023
449,WBADX7C56CE732988,Suite 2,kgarmscg@about.me,4/17/2023
450,YV1982BW9A1419757,Room 356,shavelinech@arizona.edu,2/5/2023
451,1FMNE1BW2AD606661,Room 650,ppirotci@amazon.de,2/16/2023
452,WBADN53463G010510,Apt 1304,dsattefordcj@irs.gov,4/8/2023
453,SAJWJ1CD1F8659678,17th Floor,jayshfordck@nationalgeographic.com,3/29/2023
454,2HNYD18683H291895,4th Floor,ndagoncl@msu.edu,1/22/2023
455,WBA8Z5C56FD544370,1st Floor,cdensellcm@blogs.com,2/4/2023
456,WAUDT48H84K961138,Apt 1758,wbrumfittcn@soup.io,5/1/2023
457,5N1AR2MM3DC093924,PO Box 13081,vsimounetco@amazonaws.com,9/23/2022
458,1G4PT5SV3F4646819,PO Box 31733,arousselcp@wikimedia.org,11/10/2022
459,JN1AY1AR0CM414038,PO Box 17724,gmcgarrycq@utexas.edu,6/13/2022
460,WAUEF98E58A785045,PO Box 39621,egumerycr@facebook.com,1/27/2023
461,WA1CM94L09D806656,Room 1497,jmchirriecs@techcrunch.com,11/26/2022
462,3C63DRLLXCG489946,Room 184,ccatterickct@usda.gov,1/5/2023
463,WAULC68E03A331616,Suite 26,khenrionotcu@livejournal.com,3/16/2023
464,1G6DN8EV1A0451951,Room 731,esawtellcv@gov.uk,3/19/2023
465,5TDDCRFH2ES530971,9th Floor,cthowcw@google.ca,9/7/2022
466,SCBFU7ZA6FC588130,Apt 871,hyakubovichcx@mediafire.com,7/29/2022
467,4JGCB2FE8BA281575,PO Box 22203,grastrickcy@dmoz.org,11/1/2022
468,YV126MFJ6F1935938,Suite 70,bmckeefrycz@tmall.com,10/28/2022
469,SCBCR63W54C756579,PO Box 13652,abeartupd0@stumbleupon.com,11/24/2022
470,1G6DJ577280626999,Suite 10,ahachardd1@time.com,1/23/2023
471,1FTEX1E88AK023678,Room 1046,djirusekd2@patch.com,5/11/2022
472,JTHBB1BA4B2258624,PO Box 16384,credihoughd3@shinystat.com,10/30/2022
473,3D7JV1EP9AG714438,Room 70,idennerleyd4@instagram.com,4/28/2023
474,1G6DV5EPXA0720240,PO Box 65357,mjaquemard5@hc360.com,5/25/2022
475,3LNHL2GC4BR948194,Room 1570,jgossingtond6@census.gov,9/26/2022
476,WBAKA4C53BC365100,Room 1992,ldibiagiod7@fotki.com,1/24/2023
477,WUAYU48HX8K773523,Suite 64,noffenerd8@cbc.ca,12/20/2022
478,SCBGT3ZA7DC458435,PO Box 94744,crudingerd9@odnoklassniki.ru,10/2/2022
479,5N1AZ2MH4FN727316,Apt 1946,ycallearda@princeton.edu,6/2/2022
480,KNAGM4AD1B5578669,Suite 37,gsmartdb@e-recht24.de,1/18/2023
481,SCFFDCCD8AG084917,Room 1778,mbeaufoydc@umich.edu,10/24/2022
482,ZHWGU6AUXCL803867,8th Floor,bgeanydd@ihg.com,6/5/2022
483,WBAVT73527F323967,PO Box 70589,blabordade@blogs.com,11/14/2022
484,3VW1K7AJ1BM764192,Suite 63,ebordesdf@census.gov,9/4/2022
485,5N1AT2ML6EC149929,PO Box 33271,mcaustickdg@cocolog-nifty.com,6/6/2022
486,4T1BF1FK1DU394169,Suite 74,dpriestdh@webeden.co.uk,3/30/2023
487,5TFCW5F10BX896271,Room 1881,ncollingtondi@jiathis.com,11/23/2022
488,1G6DK8E32C0948520,16th Floor,bshevlandj@bloomberg.com,5/24/2022
489,3C3CFFBR6DT036900,Suite 75,kgoulbornedk@google.fr,6/14/2022
490,SCBDC47L08C583991,Room 56,kverdiedl@senate.gov,12/30/2022
491,WAUGN94FX7N776701,1st Floor,cjerromedm@craigslist.org,10/24/2022
492,JN8AF5MR4FT609712,Apt 771,bguerrierdn@webmd.com,5/10/2022
493,WAUKD78P19A973917,Room 1345,rmuccinodo@cmu.edu,4/1/2023
494,2G4GT5GV6D9532428,Apt 694,plevinedp@wikia.com,6/21/2022
495,3D73M4EL0BG715733,Suite 7,rpetowdq@wunderground.com,3/14/2023
496,JM3ER2W38A0639874,Apt 834,dsteandr@twitter.com,4/29/2023
497,KNAFT4A28A5682779,Apt 264,gholbyds@linkedin.com,5/11/2022
498,KL4CJDSB0EB789269,PO Box 27266,cratterdt@moonfruit.com,12/23/2022
499,WAUAH78E06A651750,Room 1612,bbalmanndu@plala.or.jp,10/19/2022
500,1G6AC5S33D0586945,Apt 611,pdwanedv@networksolutions.com,8/27/2022
501,WAUKF78E75A146491,PO Box 87690,fparkinsondw@japanpost.jp,8/7/2022
502,WDDPK4HA1CF726941,Suite 95,cniccolsdx@umn.edu,6/10/2022
503,WAUKD78P76A566342,5th Floor,kmacleoddy@dot.gov,9/4/2022
504,WBABN53492J726178,Apt 605,amcnirlandz@sfgate.com,10/19/2022
505,1G6DX6EDXB0146987,PO Box 29817,rplome0@wikispaces.com,7/4/2022
506,2T1KE4EEXDC395600,PO Box 64806,cpentecoste1@utexas.edu,11/11/2022
507,WAUPL68E24A505513,Suite 99,hwhitwelle2@oracle.com,12/16/2022
508,WBAVM1C5XFV285368,Apt 1082,egilgryste3@columbia.edu,10/15/2022
509,WAULT64BX2N472910,Apt 37,rdawtrye4@google.es,10/25/2022
510,WBA8Z5C52FD316737,4th Floor,kubache5@live.com,3/1/2023
511,3C63D2EL0CG737870,Room 1862,fainsburye6@seesaa.net,4/1/2023
512,WA1CGCFE8BD153289,Suite 4,echittiee7@123-reg.co.uk,7/10/2022
513,1FTEX1CM8DK806603,Room 1065,rverne8@diigo.com,3/24/2023
514,2G4WF551811759150,Apt 1419,tskeatese9@posterous.com,7/21/2022
515,WA1LFBFP1EA612103,Apt 1175,oboldeckeea@51.la,4/8/2023
516,WAULFAFH5AN844731,Room 357,cmowleseb@virginia.edu,7/28/2022
517,1G6DF5EY6B0136845,Suite 32,cpartonec@fema.gov,8/23/2022
518,5N1AT2ML5FC560692,Room 283,lwalstered@1und1.de,12/26/2022
519,KNDMG4C32A6366583,13th Floor,lsichardtee@comsenz.com,9/1/2022
520,3D73Y3CL2AG003451,Apt 1608,fwardinglyef@va.gov,7/25/2022
521,JM3ER2W3XA0526699,PO Box 11195,mmcmarquiseg@blogspot.com,7/9/2022
522,2G61S5S38F9404362,Apt 1369,bmanhoodeh@tripod.com,9/7/2022
523,5N1AR2MM9FC712528,16th Floor,lphliponei@gmpg.org,9/19/2022
524,WAUHFAFL3BN686160,Suite 15,hhowittej@economist.com,6/1/2022
525,WDDHF8JB1DA156778,Apt 1322,acrillyek@xing.com,6/1/2022
526,3GTXKYEJ0AG212287,PO Box 3419,hdaylyel@networksolutions.com,2/16/2023
527,WBADS43483G062885,PO Box 40528,hsalesem@dailymotion.com,12/17/2022
528,1FBSS3BL3AD934080,PO Box 91106,sfurmengeren@earthlink.net,1/14/2023
529,1D4PU2GK2AW695380,Apt 1146,peggletoneo@microsoft.com,3/2/2023
530,JN8AF5MR0DT918140,PO Box 64363,mstellinoep@ftc.gov,9/4/2022
531,5UXWX5C58BL943912,Room 346,bkeetseq@qq.com,5/6/2022
532,2HNYD2H46CH932711,Apt 1551,chodgeer@webmd.com,6/7/2022
533,WBA4A5C54FD910302,Room 444,sgreeveses@artisteer.com,4/17/2023
534,WBA4A7C50FG850089,Room 1482,sstrodeet@flickr.com,2/4/2023
535,JHMGE8G34BS469239,Apt 1473,ebreezeeu@army.mil,12/23/2022
536,JN1AJ0HP0CM897940,Apt 46,beadyev@cisco.com,9/15/2022
537,1G6DM56T150132764,18th Floor,nflowerdewew@is.gd,9/19/2022
538,19VDE3F35DE220214,14th Floor,rbarockex@twitter.com,11/1/2022
539,3VWML7AJ8CM778103,Apt 449,bbiscombey@comsenz.com,3/23/2023
540,WAUKFAFLXEA856466,2nd Floor,rklehnez@hibu.com,8/31/2022
541,1N6AA0CH0EN665040,9th Floor,gpietrasikf0@skype.com,3/16/2023
542,1FMJK1H52EE217217,12th Floor,agynnif1@cafepress.com,1/14/2023
543,WAUSF98E58A559543,Suite 54,abrabonf2@tinyurl.com,7/23/2022
544,WAUVT54B54N749193,18th Floor,phannf3@hao123.com,3/18/2023
545,WAUCVAFR6AA657968,Suite 82,ppaliserf4@goodreads.com,7/16/2022
546,YV4852CT8A1691177,Apt 1808,amickanf5@imdb.com,5/10/2022
547,SAJWJ1CD0F8314366,Apt 1398,bsjollemaf6@comsenz.com,12/21/2022
548,2C3CDZFJ6FH498574,Apt 97,bborsayf7@theguardian.com,5/21/2022
549,1G6DG8E3XE0822474,8th Floor,cfossf8@globo.com,6/25/2022
550,1D7RV1GP6BS933514,Suite 71,dwelldrakef9@answers.com,5/9/2022
551,5UXZV4C57CL568044,PO Box 10344,nspinneyfa@walmart.com,11/18/2022
552,JHMZE2H34CS486144,Room 1540,rcaudelierfb@mac.com,3/22/2023
553,WBAAV33491F823950,3rd Floor,daureliusfc@list-manage.com,3/18/2023
554,2T2BK1BA0FC303756,Suite 83,ahubertfd@google.es,4/8/2023
555,WBAGH83401D005145,Room 917,adevenniefe@un.org,5/27/2022
556,5FRYD4H2XGB662893,Apt 1868,labysff@yellowbook.com,11/7/2022
557,JN1CV6EK4CM449936,PO Box 88542,gdenisyevfg@kickstarter.com,10/11/2022
558,WAUUL78E46A816565,Suite 97,oranaghanfh@gravatar.com,8/21/2022
559,WP0AA2A92ES727422,Suite 32,rrigardfi@a8.net,9/21/2022
560,WDDHF2EB1BA355267,PO Box 94364,adanbifj@apache.org,7/20/2022
561,WAUMFBFL8DN181416,PO Box 42217,iodunniomfk@geocities.com,9/7/2022
562,WAU4FAFL5CA561023,16th Floor,bmacascaidhfl@technorati.com,6/30/2022
563,1FTSW3A52AE488453,PO Box 76308,nupstellfm@hc360.com,3/2/2023
564,1G6AW5SX6E0508381,PO Box 4942,emarikhinfn@spotify.com,3/16/2023
565,WAUGU54D11N532307,Apt 1758,jkeatchfo@omniture.com,9/4/2022
566,1FTEX1CM4DF447405,PO Box 17997,kbendafp@google.es,10/4/2022
567,2G4WD562751537914,9th Floor,twyburnfq@independent.co.uk,9/6/2022
568,WBADX7C55CE950940,Apt 325,dvardonfr@homestead.com,11/3/2022
569,1FTWF3C50AE652538,16th Floor,pfranciefs@prnewswire.com,8/31/2022
570,JN1CV6APXDM052444,Suite 39,epideonft@cpanel.net,1/21/2023
571,1FMJU1J57AE887537,Room 39,ngaggenfu@mediafire.com,10/9/2022
572,SCBLE37GX5C790032,Suite 38,wsichardtfv@bravesites.com,2/24/2023
573,JTDZN3EU5EJ987802,6th Floor,handrefw@dmoz.org,4/19/2023
574,WAUHGBFC2CN999818,Suite 39,ajantelfx@tmall.com,9/13/2022
575,WVWBN7AN9FE018327,Apt 656,ktumasianfy@mediafire.com,6/23/2022
576,1G4GA5GC0BF073051,Suite 55,aloosemorefz@cmu.edu,11/9/2022
577,2C3CCAHG3CH148188,Room 532,szanuttig0@artisteer.com,5/22/2022
578,1G6DL5EV6A0142772,Suite 40,ffibbitg1@census.gov,8/25/2022
579,WA1CFBFP1DA440394,PO Box 74828,ptwyningg2@howstuffworks.com,7/27/2022
580,WBAPH5G53BN479779,PO Box 17676,mboyntong3@topsy.com,1/22/2023
581,WA1LFBFPXCA090066,Room 1845,rglydeg4@imgur.com,3/31/2023
582,1C3BC4FB2BN290655,Room 946,slumleyg5@wiley.com,4/12/2023
583,WAUML64BX2N082247,Room 555,fbadgersg6@comsenz.com,10/3/2022
584,WAUVC58E04A438041,Apt 173,aentissleg7@youtu.be,10/8/2022
585,WAUKFAFL0DA571645,PO Box 5668,jmcilwrickg8@linkedin.com,9/27/2022
586,WDDGF4HB5CR923221,Suite 49,csharplingg9@shinystat.com,11/28/2022
587,1FTMF1EW3AF148643,Room 748,ehillamga@msn.com,7/27/2022
588,2C3CDXJG7EH779975,15th Floor,rschuelckegb@desdev.cn,3/15/2023
589,JN1AZ4EHXAM432074,PO Box 38188,skenrydgc@icio.us,9/15/2022
590,WBAYB6C51DD688819,Suite 41,ltallboygd@forbes.com,4/28/2023
591,WBAFR1C55BD103713,Suite 38,bbarhamge@soundcloud.com,2/23/2023
592,JTHBB1BAXC2534855,Apt 526,ejehaesgf@ocn.ne.jp,2/9/2023
593,1N6AD0CU1EN961155,7th Floor,dvousdengg@japanpost.jp,4/26/2023
594,1N6AD0CU9CC858493,Apt 988,cquinnellgh@ovh.net,4/12/2023
595,19VDE1F77EE501956,Suite 37,kupsongi@yahoo.com,3/30/2023
596,WAUCKAFR3AA394220,Apt 708,fdillestongj@china.com.cn,3/1/2023
597,JH4DC53033C056999,Room 1627,bbenjafieldgk@mediafire.com,2/3/2023
598,SCFFDAAEXAG260513,Suite 35,cdowlegl@who.int,12/27/2022
599,1FTEW1CM8DF489496,Suite 11,awalthogm@unicef.org,9/9/2022
600,1G6DM57T460636600,PO Box 61083,rneenangn@cbslocal.com,7/1/2022
601,1G4GC5ER6CF660678,PO Box 93602,jpachtgo@last.fm,12/10/2022
602,WAUBT48H45K397626,Suite 16,crisleygp@go.com,7/21/2022
603,JM3TB2MA3A0872767,Apt 1598,fperrigogq@ucoz.com,1/13/2023
604,1GKMCCE38AR863143,10th Floor,ldamatogr@homestead.com,2/1/2023
605,3VW8S7ATXFM988681,2nd Floor,kcordingleygs@omniture.com,10/18/2022
606,2G4G05GV4B9322352,Room 189,bkmentgt@bloglines.com,4/19/2023
607,WAUKH98E48A789908,Room 1884,hlindenfeldgu@pcworld.com,4/7/2023
608,WAUJC58E85A945589,Room 659,rgandeygv@wufoo.com,7/29/2022
609,WBANA53535B093113,Suite 38,ssnassellgw@usnews.com,8/21/2022
610,WBAKX6C52BC259439,Room 1936,acolhoungx@chicagotribune.com,11/5/2022
611,1GKMCAE32AR433838,Apt 1460,sgligorigy@theatlantic.com,9/30/2022
612,WAUSF78EX8A654958,Suite 47,mchallenergz@simplemachines.org,7/19/2022
613,WAULK78K19N335951,13th Floor,vcolbourneh0@imgur.com,2/6/2023
614,WAULH64B41N929968,Apt 961,jwhitelawh1@msu.edu,4/15/2023
615,JN1CV6EK1BM043708,Suite 53,ustuchberryh2@wikia.com,4/11/2023
616,WAUCFAFC0FN911392,Apt 710,lvalentineh3@hatena.ne.jp,7/4/2022
617,JM1NC2MF3D0414130,Room 717,amustardeh4@marketwatch.com,4/14/2023
618,4T1BF1FK6EU613161,Apt 472,baguirrezabalah5@usnews.com,2/15/2023
619,2G4GK5EX5F9136565,Suite 96,tbaynsh6@wufoo.com,7/20/2022
620,1G6KD57Y08U122094,Apt 1215,agristhwaiteh7@zdnet.com,7/3/2022
621,JTHBK1EG8C2722774,7th Floor,gwildeyh8@blogger.com,9/24/2022
622,SCBZB25E02C519295,Suite 20,vbiancoh9@a8.net,8/7/2022
623,SALAB2V66EA019329,1st Floor,emanuaudha@cdc.gov,12/5/2022
624,WAUKGAFB3AN422770,Apt 1722,rglassmanhb@buzzfeed.com,11/29/2022
625,TRUXD38J191938538,13th Floor,fethelstonehc@oakley.com,2/3/2023
626,WBAEJ13462A298491,13th Floor,cwhissonhd@abc.net.au,3/23/2023
627,1C3CC5FB1AN582497,PO Box 99564,bkayleyhe@cornell.edu,5/4/2023
628,3G5DB03E93S743926,Apt 733,dglasspoolehf@hexun.com,4/22/2023
629,KM8JT3AB1BU741133,Suite 78,ksimionatohg@weebly.com,11/29/2022
630,1D7RB1GT5BS898518,PO Box 68388,tyglesiahh@pagesperso-orange.fr,5/1/2023
631,WBAYA8C55FD217953,Suite 7,wnellehi@usgs.gov,12/4/2022
632,WAUDV94F29N117632,Room 1000,hgouldsmithhj@bing.com,2/23/2023
633,5FRYD3H80FB058993,Apt 1438,brennoxhk@opera.com,4/25/2023
634,1G6AB5SX5D0936209,Suite 97,eeppersonhl@ameblo.jp,11/21/2022
635,2FMGK5B84EB428645,Room 1472,hwestwaterhm@theatlantic.com,3/2/2023
636,3GYFNGE37DS027213,Apt 31,mfosdykehn@vimeo.com,10/7/2022
637,WAUNG94F99N311878,16th Floor,gkeppinho@typepad.com,12/6/2022
638,JH4CU4F47CC735045,PO Box 44354,mlatorrehp@exblog.jp,9/15/2022
639,2C3CDYCJ0EH615188,Room 1493,tmewburnhq@tiny.cc,4/6/2023
640,1GD022CG3CZ793160,Room 391,rrennyhr@tamu.edu,4/23/2023
641,1YVHZ8BH1D5067753,Room 303,mfuzzeyhs@dion.ne.jp,6/6/2022
642,WAULC68E15A736841,7th Floor,sgadieht@cbslocal.com,5/1/2023
643,WAUKG68E45A905587,PO Box 81890,mmelberthu@marriott.com,5/4/2023
644,JN1AZ4EH5AM971332,Room 59,sdecenthv@mapy.cz,7/28/2022
645,5FRYD4H42GB708279,Suite 64,awhitlawhw@cdc.gov,2/13/2023
646,WBAWV53569P037233,Suite 43,lordhx@state.tx.us,10/2/2022
647,JA32U1FU8AU329146,9th Floor,ooriganhy@hhs.gov,9/10/2022
648,2HNYD18616H673335,Room 1403,hbatiehz@springer.com,12/28/2022
649,WBAKE5C58BE375877,Room 249,bredparthi0@nps.gov,2/19/2023
650,1GD21XEG7FZ376571,Room 979,rscullioni1@usgs.gov,10/3/2022
651,5GALVAED4AJ046668,Apt 1794,sgoodliffi2@sciencedaily.com,6/25/2022
652,KNADH5A35A6376074,Suite 71,macremani3@huffingtonpost.com,11/9/2022
653,WBA3K5C5XEF514760,PO Box 12531,dsimmersi4@un.org,8/16/2022
654,WBAWL73537P736219,PO Box 71677,cciardoi5@hugedomains.com,2/11/2023
655,WBASN2C5XDC293002,17th Floor,gmarrowsi6@multiply.com,11/3/2022
656,1G4CU541354625327,Room 1556,tbustoni7@edublogs.org,5/10/2022
657,WA1AY94L89D048335,12th Floor,jmenichinii8@cocolog-nifty.com,10/11/2022
658,WAULK98KX9A550215,PO Box 80278,jairthi9@simplemachines.org,1/25/2023
659,1N6AA0CC4FN163024,PO Box 47583,cemblinia@cam.ac.uk,4/10/2023
660,3C63DRBL9CG689508,Room 1255,dcysterib@nasa.gov,12/5/2022
661,1FMEU7DE4AU195645,8th Floor,fretallackic@vkontakte.ru,10/25/2022
662,WBA3C1G51DN374988,1st Floor,ashillabeareid@nytimes.com,4/26/2023
663,1N6AF0LY4FN931517,4th Floor,ecannopie@rambler.ru,7/3/2022
664,3D7JV1EP5BG591965,Suite 12,apuckettif@google.com,7/10/2022
665,JN1CV6EK0EM902193,Apt 709,bmoresideig@cloudflare.com,2/22/2023
666,SCFAB02A16G428620,PO Box 23219,wmaybeyih@meetup.com,8/26/2022
667,SCBDC3ZA6DC041388,Apt 456,agummoryii@tripadvisor.com,1/17/2023
668,3N1BC1AP1BL563505,PO Box 17875,mguageij@hc360.com,12/31/2022
669,KNADM4A39E6012137,Suite 24,ncorroyerik@1und1.de,7/14/2022
670,WAUMV94E09N333020,Room 916,osheldonil@whitehouse.gov,2/16/2023
671,YV1612FH0E2145920,8th Floor,alanfareim@blinklist.com,8/28/2022
672,1YVHZ8AH4A5809821,PO Box 74746,bduplantierin@census.gov,2/27/2023
673,WBAVM1C52FV612295,Room 128,hpindredio@de.vu,3/30/2023
674,2HNYD18291H178502,Apt 874,jsaccoip@tinypic.com,12/26/2022
675,SCBBP9ZA9BC122073,Suite 75,rbestwerthickiq@hostgator.com,6/4/2022
676,WBANW13538C436639,6th Floor,bchallonerir@auda.org.au,1/3/2023
677,5NPDH4AE4EH412721,Room 151,mresunis@un.org,1/26/2023
678,1N6AD0CU7AC126781,Room 1388,btenbyit@go.com,5/13/2022
679,WAUGN94F29N825960,Apt 131,cverralliu@csmonitor.com,11/18/2022
680,WBAKE5C52CJ691543,Apt 1908,dvreedeiv@cbc.ca,5/11/2022
681,WBANU53548C656109,Room 1890,mbudgeiw@typepad.com,9/4/2022
682,SAJWA1CB1BL236931,Apt 648,eschimankix@wufoo.com,12/20/2022
683,2LMHJ5FK2FB873424,PO Box 83950,cnewboldiy@amazon.co.uk,5/2/2023
684,3A4GY5F96AT332307,Room 995,zebourneiz@wordpress.com,7/2/2022
685,19UUA56671A814392,Suite 29,edevaneyj0@sphinn.com,3/12/2023
686,5TFBY5F1XAX345172,Room 256,asharplessj1@oakley.com,6/6/2022
687,WBA3A5C55EP277964,Room 661,rdomneyj2@redcross.org,4/15/2023
688,1GYS3DEF7CR931691,PO Box 2394,atohillj3@zdnet.com,1/27/2023
689,5TDDK3DC0BS417765,Room 229,kgobbettj4@youtu.be,8/22/2022
690,1G6AV5S8XE0391612,14th Floor,rdebneyj5@linkedin.com,12/4/2022
691,4USBT33585L974589,Suite 95,smanifoldj6@hibu.com,2/19/2023
692,2T1BU4EE7CC081811,Room 1566,vchamperlenj7@omniture.com,4/22/2023
693,5GAKRAED4BJ536884,Apt 190,aperegrinej8@msu.edu,8/27/2022
694,5BZAF0AA8FN847306,Suite 30,teselerj9@washingtonpost.com,3/18/2023
695,1VWAS7A38FC967251,Apt 952,nseyfartja@cnet.com,12/14/2022
696,JN1CV6FE7AM603142,Suite 51,alambkinjb@mayoclinic.com,12/20/2022
697,1GYS4BEF7DR898789,PO Box 96778,astampferjc@imageshack.us,2/19/2023
698,3VWKZ7AJ3BM257312,Apt 841,cdaughteryjd@rambler.ru,5/2/2023
699,JN8AZ1FY2CW020107,Room 1999,jpashbyje@google.cn,1/26/2023
700,WBADT43421G824635,Apt 358,yfishbournjf@comcast.net,6/22/2022
701,WBA5A7C57FG026854,Suite 96,pbrattyjg@chronoengine.com,2/10/2023
702,1G6AH5SX9E0520809,Apt 713,psorbeyjh@nsw.gov.au,1/17/2023
703,WBAPN7C50BA918518,15th Floor,smacalindenji@scribd.com,11/11/2022
704,1G6DL1E38D0412239,PO Box 46774,squartlyjj@zdnet.com,4/5/2023
705,5NPDH4AE0EH433839,Room 67,amcnabjk@dyndns.org,5/16/2022
706,2G4GV5GV7C9198340,13th Floor,cinworthjl@cyberchimps.com,12/12/2022
707,55SWF4JB7FU805244,Room 1369,cwabbjm@trellian.com,12/19/2022
708,SCBFU7ZA4DC408592,4th Floor,vgreenejn@yelp.com,7/29/2022
709,3C4PDDAG5FT699921,Room 1942,rheggsjo@etsy.com,2/13/2023
710,1G6YX36D365039822,Suite 19,gmechijp@boston.com,10/15/2022
711,WA1WMBFE9AD409129,6th Floor,tricejq@angelfire.com,5/25/2022
712,19UUA56613A601215,PO Box 33140,mbranfordjr@yellowbook.com,3/4/2023
713,1G6DJ5E35D0513011,PO Box 76036,vhainejs@foxnews.com,4/4/2023
714,JA32U1FU6BU596934,Apt 1332,mdolbyjt@sbwire.com,2/28/2023
715,YV440MBD8F1223069,Suite 26,rmacgillicuddyju@bizjournals.com,12/18/2022
716,WAUAFAFH5DN871472,Apt 1883,halpjv@uiuc.edu,6/16/2022
717,WBAFR7C5XCD046591,Suite 80,mandreoujw@stanford.edu,8/20/2022
718,WA1EV94L28D132627,Apt 588,gemptagejx@uiuc.edu,2/6/2023
719,19UUA8F2XBA849282,Apt 1517,larmitjy@economist.com,4/8/2023
720,WP0AA2A90ES561157,Room 824,rgrossmanjz@moonfruit.com,6/4/2022
721,WP0AB2A99FS910282,Room 1625,fdigginsk0@nature.com,1/18/2023
722,3C4PDDGG9ET877223,Suite 76,ccagank1@springer.com,2/10/2023
723,WAUDC68D81A142785,2nd Floor,ekrollek2@shutterfly.com,12/2/2022
724,19UYA42401A916066,12th Floor,jvedeniktovk3@latimes.com,3/27/2023
725,1N4AL2AP5AC956373,Room 1104,tpennycookk4@chronoengine.com,10/3/2022
726,3GYFNFEY8BS351645,Apt 1952,cfolksk5@furl.net,5/25/2022
727,WAUEFBFL8BN714429,Suite 60,lcounihank6@ted.com,7/22/2022
728,3VW467AT0DM295196,PO Box 84535,jpensomk7@imdb.com,5/14/2022
729,2D4RN6DX7AR664499,Room 1908,hmacgeek8@ebay.co.uk,1/4/2023
730,2LMHJ5FK7FB199934,7th Floor,cweblandk9@fc2.com,3/20/2023
731,WAUHGAFC6EN939831,PO Box 99580,apomfrettka@narod.ru,5/16/2022
732,1G6AZ5S36E0649844,13th Floor,bcostelowkb@senate.gov,7/6/2022
733,1G4GC5EG4AF881725,Suite 32,jalyukinkc@blog.com,2/23/2023
734,JN8AS5MT0AW960857,10th Floor,jtaceykd@topsy.com,7/17/2022
735,1FTEW1C8XAF304282,Apt 940,cmathiesonke@yahoo.com,1/9/2023
736,WAUJC58E33A869714,Suite 31,cabbotskf@edublogs.org,7/27/2022
737,2C4RVAAG0CR068187,PO Box 81496,sdunnankg@arizona.edu,12/3/2022
738,19VDE1F33FE624281,18th Floor,vroussellkh@thetimes.co.uk,11/22/2022
739,WDBWK5EA5BF471952,PO Box 83547,gtuftki@google.nl,10/15/2022
740,19UUA8F78CA646842,Apt 1086,dwyndhamkj@ycombinator.com,12/7/2022
741,1GYFK63838R907691,Room 1126,eviantkk@arstechnica.com,11/15/2022
742,WBSWD93558P411710,Room 432,wstrikekl@tinypic.com,3/16/2023
743,KM8JT3ABXCU986272,Suite 71,cmellorkm@wp.com,4/24/2023
744,1FBNE3BL6CD263527,Suite 16,scoochkn@vimeo.com,10/23/2022
745,WAUKFBFL5BA648576,Apt 1367,ycoddringtonko@google.co.uk,1/26/2023
746,3C63DPBL4CG745066,Suite 54,eeldenkp@un.org,1/27/2023
747,1G6DC1E35E0571110,PO Box 31355,sbisskq@facebook.com,3/20/2023
748,JTEBU5JR2E5385901,Room 839,cpasquekr@virginia.edu,10/18/2022
749,WAUVT58E05A913298,Room 616,cspringallks@cbc.ca,6/14/2022
750,WAUDL94F55N993742,Room 994,jsavinskt@dmoz.org,2/25/2023
751,3N1BC1AP8BL835855,Room 473,temlenku@google.es,3/15/2023
752,1N6AA0EC5FN806073,8th Floor,jyallopkv@google.pl,8/5/2022
753,WVWAB7AJ5CW306174,Room 682,dcornforthkw@desdev.cn,2/16/2023
754,5UMBT93556L934931,5th Floor,cbelmontkx@ezinearticles.com,10/16/2022
755,1GKS2GEJ6CR389759,8th Floor,nmathiasky@imdb.com,6/27/2022
756,1C3BCBEB2CN096361,Room 862,ascrasekz@imageshack.us,11/29/2022
757,1G6YV36A675715015,Apt 1880,bpiddlehintonl0@nytimes.com,10/5/2022
758,1G6YV36A475831300,Apt 87,nscoullerl1@hostgator.com,6/15/2022
759,KNADN5A39F6269707,Apt 880,emocklerl2@163.com,10/22/2022
760,YV1672MC8AJ836733,PO Box 1873,mmcginnl3@cdbaby.com,1/6/2023
761,3GYFK66N25G869089,PO Box 50373,lcrippesl4@guardian.co.uk,5/31/2022
762,WBAKX8C56CC219491,Apt 292,cosheerynel5@google.es,10/13/2022
763,2T1BU4EE0CC605669,Room 1090,bwhitehornl6@bbc.co.uk,3/14/2023
764,1G6DA5EY0B0317678,Apt 805,tpeartreel7@ibm.com,6/21/2022
765,WAUBF78E66A862817,Suite 92,jflackl8@storify.com,10/16/2022
766,WAULF98K29N086110,Suite 33,fgrundeyl9@privacy.gov.au,7/27/2022
767,WAUDF48H47A280847,Apt 585,palenichicovla@unc.edu,12/25/2022
768,3VW1K7AJ0BM072800,Apt 1434,mglowaczlb@amazon.co.jp,1/27/2023
769,WAUKFBFL1EN979586,16th Floor,mleftridgelc@cbc.ca,3/24/2023
770,5UXWX7C58CL478870,Room 1344,cscuttld@vinaora.com,2/22/2023
771,SCBCU7ZA0AC651881,Apt 1166,ccotesle@sina.com.cn,3/3/2023
772,5N1AA0NC0FN487874,Room 1186,eallsobrooklf@tumblr.com,11/16/2022
773,JH4KC1F76EC851282,Suite 80,mfitzpaynlg@is.gd,10/31/2022
774,SALVP2BG3FH404324,Room 1361,meglingtonlh@census.gov,11/8/2022
775,WBAWC33567P747806,Suite 3,bpenningsli@naver.com,1/18/2023
776,1FTFW1E87AK773192,Suite 30,cizenlj@drupal.org,8/12/2022
777,2B3CA4CD0AH871687,1st Floor,dpollicotelk@hibu.com,1/30/2023
778,WAUAF78E78A398032,Suite 72,ccanarioll@smh.com.au,7/21/2022
779,WBSKG9C58DE247770,Apt 1643,ascullylm@google.ru,3/30/2023
780,5N1AZ2MH4FN805478,PO Box 16550,marnoudln@tiny.cc,9/11/2022
781,2G4GV5GVXC9902935,PO Box 11891,drenvoyslo@list-manage.com,6/19/2022
782,1G6DA5EYXB0190745,Apt 372,amcginnylp@delicious.com,11/12/2022
783,3LN6L2LU7DR346169,PO Box 29600,ddrinkhilllq@youtube.com,3/12/2023
784,WAUDG58E25A699835,Room 401,gmusslewhitelr@furl.net,8/8/2022
785,KNAGN4AD0F5758468,PO Box 59464,ehennigerls@liveinternet.ru,3/26/2023
786,2FMGK5B82DB827973,Suite 21,jtortoishelllt@kickstarter.com,11/11/2022
787,KMHGN4JE6FU492726,Apt 1833,blegonideclu@ed.gov,6/10/2022
788,1G4GE5EDXBF703593,PO Box 690,fpirolinilv@a8.net,5/2/2023
789,WP0AB2A82CS447842,Apt 525,cjefferdlw@shareasale.com,1/17/2023
790,WBA3A5G5XDN938098,Room 1282,mstuddelx@netvibes.com,3/21/2023
791,1GD21ZCG7BZ516675,18th Floor,acrevaghly@vinaora.com,12/1/2022
792,1N6AD0CU0CN143414,Suite 34,rthornthwaitelz@weather.com,4/27/2023
793,3VWML7AJXDM611307,Suite 68,bkimblym0@hc360.com,1/14/2023
794,5FPYK1F26BB081058,18th Floor,bkarolym1@surveymonkey.com,12/16/2022
795,WAUSH78E87A141569,5th Floor,lspriggm2@about.me,5/30/2022
796,1FTWX3A54AE978472,Apt 393,gmatterdacem3@desdev.cn,6/19/2022
797,WAUCFAFH8AN376090,Suite 52,aheffernanm4@addtoany.com,9/8/2022
798,2HNYD18676H546461,Room 1234,bomoylanm5@seesaa.net,11/27/2022
799,JN1AZ4FH7FM379453,19th Floor,spullerm6@aol.com,8/24/2022
800,WAUVC58E54A491172,Suite 71,cbradneckm7@springer.com,8/8/2022
801,WAUDGAFL7DA257139,Room 437,paberdeenm8@google.ru,6/15/2022
802,1N6AA0EK6FN827179,PO Box 45045,pwasielam9@ucoz.ru,1/3/2023
803,WBABV13416J285208,3rd Floor,clanonma@statcounter.com,1/27/2023
804,4T1BD1EB1EU981478,Suite 90,nrenzinimb@github.com,3/28/2023
805,1GYEE637690510380,13th Floor,tgreystokemc@goo.gl,2/9/2023
806,3D7TT2CT6BG975628,Apt 438,rhookmd@usa.gov,4/12/2023
807,WAUXD68D42A062010,7th Floor,gpineauxme@cdc.gov,7/13/2022
808,1GD12YEG7FF055016,17th Floor,honoulanemf@bing.com,11/23/2022
809,1G6AE5SX6D0457188,PO Box 90190,nristmg@mtv.com,7/18/2022
810,19UUA65645A252402,Apt 1210,dazammh@webnode.com,4/17/2023
811,2C3CCASG9FH936731,Room 474,fmcclancymi@seesaa.net,8/19/2022
812,JN1CV6EKXEM098999,Apt 247,csurgenormj@chicagotribune.com,10/1/2022
813,WBAVB73548F848257,PO Box 10594,fliasmk@java.com,6/17/2022
814,3GYFNEE36FS163629,PO Box 23103,lhurleyml@gizmodo.com,7/22/2022
815,3VW217AU3FM055027,Suite 16,lprattmm@sciencedaily.com,3/26/2023
816,JH4CU2F62AC480663,4th Floor,esarfatmn@shinystat.com,4/18/2023
817,WAUML54D71N728581,Apt 6,dtomalinmo@dot.gov,10/22/2022
818,1N6AA0CAXEN936110,Suite 56,adinceymp@alibaba.com,1/8/2023
819,JM1NC2JF4B0941255,Apt 1264,fmelsonmq@amazon.com,9/20/2022
820,WAUMR44E07N896217,Suite 78,bshaefermr@geocities.jp,10/4/2022
821,WAUFFAFL4FA080855,Apt 1812,atollettms@woothemes.com,1/17/2023
822,2C4RDGAG4CR444511,Suite 14,tgymblettmt@imdb.com,10/30/2022
823,WBAYF8C53ED643365,Suite 69,eneelymu@biblegateway.com,2/27/2023
824,WAUHE78P79A025383,Suite 79,sspeddinmv@nba.com,10/7/2022
825,KNADM4A34E6125123,Room 1220,nthurnermw@craigslist.org,10/3/2022
826,KNADH4A32A6135244,PO Box 5304,umcettrickmx@telegraph.co.uk,2/13/2023
827,JN1AV7APXFM967746,Room 1641,dcowoppemy@adobe.com,9/28/2022
828,WBA3B1C59FK802240,2nd Floor,lrilingsmz@feedburner.com,1/20/2023
829,JTEBU5JR6B5740614,Room 1147,rbiggadiken0@is.gd,9/28/2022
830,WBAUL7C58AV272404,Room 865,dstychen1@newsvine.com,2/13/2023
831,WBSBR93442P820019,PO Box 78214,gloweyn2@drupal.org,7/12/2022
832,WBAVM5C54DV229916,Apt 1835,bbainn3@about.me,12/28/2022
833,1G6DM57N940402368,Suite 97,ibunnelln4@dailymotion.com,11/13/2022
834,NM0GE9E70F1535758,Suite 77,pbogartn5@mysql.com,11/17/2022
835,WBADN63402G983807,Apt 998,kleachn6@unc.edu,10/9/2022
836,WAULT68E22A032868,PO Box 99184,ltominin7@fastcompany.com,1/16/2023
837,19XFB4F32EE142006,Room 691,alawmann8@php.net,5/16/2022
838,2C3CA7CW2AH536369,Suite 53,dgilbankn9@theglobeandmail.com,10/17/2022
839,2FMDK3GC1AB893320,Room 1878,rminotna@google.cn,6/13/2022
840,1GYS4JEF3ER651748,Suite 45,medwinsnb@wired.com,5/12/2022
841,5UXZV4C55DL276975,Apt 68,vkingsnoadnc@cloudflare.com,8/24/2022
842,JTJBARBZ0F2500367,Room 523,cnorthinnd@hao123.com,7/2/2022
843,WBA3B5C52EP264652,Suite 26,jmarslandne@baidu.com,12/11/2022
844,WA1AV74L47D645251,18th Floor,kgidneynf@slashdot.org,8/18/2022
845,2FMGK5B89EB481406,PO Box 71540,klangdonng@abc.net.au,3/15/2023
846,JH4DC538X4S985777,Suite 6,kromkenh@nyu.edu,1/19/2023
847,1G6AF5S32E0196217,Apt 1900,gkleinsingerni@weather.com,4/15/2023
848,1G6AE5S31E0822570,8th Floor,lyounienj@si.edu,10/28/2022
849,3VWAL7AJ3AM650545,Room 730,lmartinovskynk@weather.com,5/17/2022
850,1GYS4SKJ0FR560873,Room 755,jclealnl@tmall.com,7/12/2022
851,3N1AB7APXFL147329,PO Box 38598,mgilbanksnm@archive.org,4/21/2023
852,1G6DL8ED2B0390141,1st Floor,rdombrellnn@wisc.edu,4/4/2023
853,WAUVC68E15A922744,14th Floor,rlavaldeno@admin.ch,7/4/2022
854,5J8TB4H33FL582620,Apt 1988,mpoynernp@theglobeandmail.com,2/5/2023
855,3C3CFFJH3ET557843,PO Box 45694,kcarneynq@aol.com,3/9/2023
856,KL4CJDSB0EB903318,Apt 952,tpagninnr@google.com,5/28/2022
857,5UXWX9C59DL962687,Suite 11,csheratonns@ebay.com,4/26/2023
858,1YVHZ8BH8D5367404,Apt 1233,kgriefnt@fema.gov,11/14/2022
859,2HNYD2H60CH847526,Suite 43,welverstonnu@salon.com,1/31/2023
860,SCFBF04B07G507101,Apt 1659,mworledgenv@w3.org,5/14/2022
861,WA1CGAFE9BD520267,Apt 549,hhuardnw@dell.com,3/11/2023
862,WAUSVAFA0AN425154,PO Box 7600,ageoghegannx@hubpages.com,3/14/2023
863,4USCN53462L233113,Apt 1336,rsiggensny@boston.com,4/23/2023
864,1D4RD5GG6BC353472,Apt 1542,dhinrichnz@jimdo.com,9/10/2022
865,2G4WC552971158906,Suite 98,gspringfordo0@tumblr.com,5/4/2023
866,WBAEN33422E990546,Apt 624,fdickerlineo1@forbes.com,8/6/2022
867,WA1LGBFE9DD426026,Suite 62,ngrandino2@yale.edu,8/23/2022
868,2C4RDGCG0DR066038,Suite 49,mleebetero3@marriott.com,10/2/2022
869,2C3CA2CV3AH163272,4th Floor,ccescottio4@senate.gov,3/16/2023
870,2FMGK5B80FB219291,10th Floor,tdmycho5@rambler.ru,6/10/2022
871,1FMEU3BE9AU668239,PO Box 79323,barnauduco6@behance.net,1/24/2023
872,1GYS4KEF6DR159493,Suite 10,mpetcheo7@seattletimes.com,5/15/2022
873,5TDBK3EH7AS188551,PO Box 81459,mviseo8@mayoclinic.com,2/21/2023
874,JN1BY1AR7FM192638,8th Floor,jtimebyo9@slashdot.org,8/13/2022
875,5NPDH4AE1BH203996,3rd Floor,agruszeckioa@privacy.gov.au,6/9/2022
876,WVGFF9BP3BD963408,Suite 47,bdelafieldob@github.io,6/9/2022
877,3D73Y4HLXAG529096,Apt 1178,vciccottioc@about.me,6/16/2022
878,3N1CN7AP1EL574770,PO Box 15768,messamod@shutterfly.com,12/11/2022
879,WAUCVAFR1AA971804,6th Floor,coruddenoe@mapy.cz,9/27/2022
880,JTDZN3EU0D3926649,5th Floor,ksprottof@issuu.com,10/20/2022
881,KNAFX6A88E5912489,Apt 1658,jomoylanog@home.pl,11/25/2022
882,1N4AA5AP7BC207700,PO Box 19017,bcoultasoh@hatena.ne.jp,10/29/2022
883,JH4KC1F36EC038487,PO Box 96492,escrangeoi@google.ru,2/17/2023
884,3GYEK62N14G427551,PO Box 30725,grothermeloj@dyndns.org,5/12/2022
885,JH4KB26519C047534,17th Floor,clockhartok@mapquest.com,2/22/2023
886,2C3CDYAG6EH752837,Room 317,lattargeol@issuu.com,2/15/2023
887,WA1AM94L09D850468,10th Floor,idoumerom@google.de,1/5/2023
888,19UUA75578A401404,Apt 1918,hpischofon@discovery.com,8/10/2022
889,WA1WYBFE5AD730315,11th Floor,pwahlbergoo@chron.com,4/18/2023
890,WAULT54B02N214096,Suite 71,bsnazelop@friendfeed.com,10/14/2022
891,WAUKF98E47A538259,Suite 19,drumbelowoq@mozilla.com,2/26/2023
892,WAUGGAFC8DN026420,1st Floor,smouncheror@nba.com,1/20/2023
893,WBAVM1C54DV200439,PO Box 45617,rsearchos@posterous.com,6/12/2022
894,1GYUKGEF6AR222079,Apt 436,adarringtonot@springer.com,10/3/2022
895,3N1CE2CP2FL601377,Apt 635,cledgertonou@cam.ac.uk,10/30/2022
896,3D73M4CLXAG971962,Room 1853,scunnaneov@google.com.hk,12/1/2022
897,1G4GC5GR9DF785592,Apt 252,lelsayow@yellowbook.com,11/24/2022
898,5N1AT2ML1FC204160,Apt 831,cchisnellox@archive.org,2/25/2023
899,1FTEW1CM5DF994430,Apt 970,askoneoy@people.com.cn,9/19/2022
900,1N6AF0LXXEN674370,PO Box 81580,brodmanoz@themeforest.net,7/15/2022
901,WA1EY74L07D089013,3rd Floor,nsimonuttip0@cargocollective.com,12/18/2022
902,1N6AA0CC9EN974896,Apt 276,bsiseyp1@salon.com,9/17/2022
903,WP1AE2A24CL594852,Apt 871,gmablestonep2@mysql.com,5/22/2022
904,3D73M3CL3BG255531,Apt 322,ipaullinp3@squarespace.com,12/25/2022
905,WAUAFAFHXEN134981,PO Box 26686,vtartep4@virginia.edu,1/18/2023
906,JH4KA96522C242009,Room 107,lshielsp5@oracle.com,9/3/2022
907,1C4SDJCT1CC400239,Apt 1067,jworboysp6@economist.com,3/23/2023
908,WVWGD7AJ6EW730860,PO Box 80645,kingarfillp7@studiopress.com,8/14/2022
909,WAULT68E73A052518,Suite 67,wphidginp8@hao123.com,10/18/2022
910,1G4PS5SK1D4737500,Room 787,flunop9@yellowpages.com,12/11/2022
911,WBA3C1C50DF461734,6th Floor,cstoadepa@unc.edu,8/4/2022
912,1N6AD0CW2EN810150,Room 265,gkightlypb@slideshare.net,3/26/2023
913,1C3CDZABXEN781565,PO Box 48631,efrisbypc@wiley.com,3/19/2023
914,1G6DN57U570182123,14th Floor,hgarrowpd@drupal.org,2/2/2023
915,1FTWX3A50AE120450,Apt 228,awilcepe@networksolutions.com,10/12/2022
916,SCFFDCCD5AG468296,Room 1860,pgrisbrookpf@opensource.org,7/3/2022
917,WBAWR33508P885860,Apt 1438,cspeightpg@a8.net,3/30/2023
918,JH4CU2E8XCC426355,Suite 55,vmicklewrightph@weebly.com,12/11/2022
919,WBANV93559C514423,18th Floor,vkinchingtonpi@webs.com,8/6/2022
920,1G6DP1E34C0306986,Suite 30,cpascoepj@craigslist.org,7/31/2022
921,1D7RV1GT7BS417417,Room 1366,ppresslandpk@elegantthemes.com,12/31/2022
922,WVGBF7A93AD259696,Room 1672,ngrellispl@mysql.com,4/8/2023
923,WA1DKAFP1BA159655,6th Floor,wpereirapm@macromedia.com,12/30/2022
924,WBS3U9C50FJ307595,Apt 1219,ohenlonpn@imgur.com,11/11/2022
925,WBAVM5C52FV899502,13th Floor,gbattrampo@com.com,12/18/2022
926,WAUHF98P66A393963,Room 1386,tfowlerpp@oakley.com,1/8/2023
927,NM0KS7DN6AT544789,PO Box 35051,wkiddiepq@de.vu,3/28/2023
928,WA1LGAFEXDD695386,Apt 1989,lreascepr@networkadvertising.org,5/28/2022
929,1G6DA1E34D0628353,Suite 27,mfumagallips@noaa.gov,2/6/2023
930,5N1BA0NC7FN168248,PO Box 66046,cjumppt@vinaora.com,9/12/2022
931,1FTMF1CW1AK993002,Suite 74,aguillilandpu@friendfeed.com,12/4/2022
932,KNALN4D72F5152254,Suite 22,mcasespv@google.com,10/22/2022
933,JTDKN3DU1F0497643,Room 382,kridoutpw@cnet.com,5/23/2022
934,YV4902DZXB2448603,Room 834,rhaliburtonpx@domainmarket.com,3/31/2023
935,WA1AM94L29D655942,Apt 199,sbeggspy@meetup.com,7/26/2022
936,1FBNE3BL0ED096634,Room 1799,gdotterillpz@sciencedaily.com,4/4/2023
937,KMHTC6AD4FU665571,PO Box 94303,litzkovskyq0@amazonaws.com,9/23/2022
938,1G4PT5SV1D4329120,Apt 364,fmaricq1@linkedin.com,6/21/2022
939,WBAYP5C5XED425788,Apt 1937,falejandroq2@skype.com,8/21/2022
940,JA32U2FU7FU029997,Room 1362,mcovinoq3@go.com,3/23/2023
941,WVGEF9BP5FD848925,3rd Floor,astoaksq4@uiuc.edu,2/15/2023
942,5UXFG43538L875165,PO Box 2636,edrinkwaterq5@prweb.com,12/13/2022
943,3C3CFFER9FT898927,PO Box 41052,aselwayq6@deviantart.com,7/30/2022
944,5TFBY5F12BX203139,18th Floor,scallaghanq7@state.tx.us,4/24/2023
945,1G6AK5S38D0713014,PO Box 13088,hsatyfordq8@squarespace.com,2/4/2023
946,5N1AA0NCXBN029804,Suite 74,lhollyardq9@redcross.org,3/12/2023
947,WBAXG5C50DD099669,PO Box 27656,kmaccartairqa@goodreads.com,6/23/2022
948,3C6JD6AK4CG792818,Room 744,tmasiqb@google.co.jp,3/3/2023
949,KNADH4A3XA6119082,Suite 96,jbryningqc@hatena.ne.jp,5/7/2022
950,1FTEX1CW1AF862520,Room 543,jmorsleyqd@blogtalkradio.com,4/30/2023
951,5N1AR2MM0EC743813,Apt 404,wprestnerqe@rambler.ru,6/4/2022
952,JN8AF5MR6ET002841,Room 1158,ksparkwellqf@japanpost.jp,7/9/2022
953,WBA3D5C57EK472999,Room 527,afowlsqg@businesswire.com,6/11/2022
954,WBAYA8C53DD883433,5th Floor,jlambisqh@techcrunch.com,7/6/2022
955,JTHBW1GG0E1264836,Suite 88,aromaniniqi@geocities.com,4/26/2023
956,1FTFW1E86AK284220,Suite 24,gtabbittqj@ezinearticles.com,8/1/2022
957,WAUAFAFH9CN966339,Room 559,shatchqk@biblegateway.com,11/5/2022
958,WBABD33476J926490,16th Floor,smacliseql@yolasite.com,2/1/2023
959,5N1CR2MN7EC244301,PO Box 27626,sgledeqm@issuu.com,1/26/2023
960,3C4PDDGG1ET947815,Suite 69,toldershawqn@ucla.edu,11/30/2022
961,1GKS1HE05DR773484,Suite 23,kiscowitzqo@state.tx.us,1/7/2023
962,SCBBR93W17C821008,9th Floor,azarfatqp@4shared.com,10/22/2022
963,WA1WMBFE6AD140085,1st Floor,menglefieldqq@rediff.com,12/7/2022
964,SCFEBBBK6BG156114,Apt 632,cklaisqr@meetup.com,8/12/2022
965,2G4GT5GK8C9440340,PO Box 71627,bdillingerqs@php.net,5/16/2022
966,1G4GL5G3XDF328270,PO Box 41172,locallaghanqt@stumbleupon.com,10/21/2022
967,5NPDH4AE9DH855753,Suite 8,mbromheadqu@pcworld.com,1/2/2023
968,JH4KA96542C519839,Suite 7,bboundeyqv@reddit.com,9/16/2022
969,JH4KA96673C281592,Apt 620,gmelchiorqw@miitbeian.gov.cn,2/18/2023
970,WAUUL98E47A261615,Suite 22,dthickinqx@elpais.com,5/17/2022
971,2T2BK1BA2DC700186,Room 626,ldimontqy@uiuc.edu,3/25/2023
972,WAUBNAFB0BN067273,Suite 57,edunnicoqz@yellowbook.com,9/16/2022
973,WAUKH68D91A635335,Room 1390,lcolvier0@cloudflare.com,3/10/2023
974,WDDLJ7DB3DA370976,Room 1363,lperringtonr1@earthlink.net,9/4/2022
975,3C63D3ML1CG026203,Apt 1198,ihaightonr2@sbwire.com,9/17/2022
976,JM1NC2MF2D0395117,PO Box 12473,apennycockr3@slate.com,8/6/2022
977,YV4952BZ3E1944454,Apt 223,smctavishr4@pbs.org,3/14/2023
978,1FTEW1CF5FF934040,7th Floor,jtyrwhittr5@naver.com,3/2/2023
979,JTHFF2C20D2242510,Room 1118,pquarrier6@wordpress.org,2/24/2023
980,1FBNE3BL2AD442550,Room 829,fsatyfordr7@sina.com.cn,1/6/2023
981,YV126MFD2F1740008,Room 1783,aauldsr8@taobao.com,5/16/2022
982,YV1902FH3D2994468,Room 1295,athurberr9@drupal.org,9/4/2022
983,1GYS3JKJ0FR277919,Room 1822,egrinyakinra@amazon.de,7/10/2022
984,WBAUP7C5XAV779079,Apt 1313,eburlesrb@1688.com,10/30/2022
985,1FTEW1E89AF066485,Apt 1279,emaplesdenrc@instagram.com,4/15/2023
986,JN1BY1AP4EM612448,Suite 88,galyutinrd@go.com,6/11/2022
987,4USBT53504L295295,Room 1760,gredhillsre@vinaora.com,7/26/2022
988,3D7TP2CT2BG754001,Suite 70,jgravenallrf@flickr.com,6/7/2022
989,2V4RW3DG2BR686720,Apt 1542,jlindenmanrg@hugedomains.com,8/13/2022
990,2B3CA7CW8AH279845,20th Floor,wdenmeadrh@sitemeter.com,4/10/2023
991,SCBFH7ZA2FC254407,14th Floor,cdacomberi@qq.com,7/17/2022
992,1G4HC5EM9AU200948,Apt 1026,linglesfieldrj@rambler.ru,1/23/2023
993,2HNYD2H44DH051751,12th Floor,scommonrk@webs.com,3/16/2023
994,SCBCU7ZA3AC144988,Room 898,adevennierl@posterous.com,5/28/2022
995,WP0CA2A84ES646471,PO Box 97804,tstenninerm@businessweek.com,3/8/2023
996,3VW507AT3FM353763,PO Box 22077,acarnduffrn@devhub.com,3/29/2023
997,2B3CK4CV1AH073575,Room 1297,fdurnro@loc.gov,7/15/2022
998,19UUA56751A796435,PO Box 35014,nteresarp@blog.com,8/7/2022
999,WAUUFAFH5DN241514,Apt 1913,rlemarrq@nymag.com,8/22/2022
1000,WUATNAFG0EN955029,6th Floor,skezarrr@cbc.ca,4/18/2023
